Velocidade do vento (m/s);"Potência (kWh)
6,47;460,38
6,61;465,29
6,64;516,73
6,8;528,03
6,85;531,15
6,86;578,08
6,86;574,77
6,87;527,84
6,9;532,55
6,93;596,01
6,95;658,08
6,97;574,73
7,13;626,57
7,15;605,49
7,22;592,66
7,28;659,62
7,32;633,77
7,33;671,48
7,34;650,57
7,35;629,09
7,37;678,7
7,38;697,02
7,41;661,52
7,45;667,4
7,47;714,6
7,59;754,7
7,66;747,96
7,69;790,72
7,7;805,04
7,87;798,52
7,88;796,17
7,91;823,58
7,93;864,2
7,98;829,21
7,99;-6,55
8;-5,75
8,01;879,26
8,04;865,08
8,08;862,51
8,13;864,26
8,16;902,46
8,17;933,25
8,19;907,75
8,21;897,38
8,26;935,07
8,26;914,59
8,28;929,96
8,28;993,46
8,28;1031,92
8,29;955,02
8,34;944,17
8,36;953,37
8,37;58,54
8,39;966,42
8,39;955,9
8,4;1050,57
8,47;-6,35
8,48;980,96
8,51;1044,72
8,55;1034,78
8,56;1075,23
8,56;1094
8,58;1120,11
8,58;1157,31
8,61;1084,5
8,61;986,54
8,62;1063,95
8,62;1059,2
8,63;1095,58
8,64;1087,29
8,65;1079,51
8,67;1310,25
8,67;-6
8,68;1123,53
8,69;1124,02
8,7;1151,16
8,7;1091,83
8,72;1078,49
8,72;1100,61
8,73;1133,62
8,76;1133,69
8,78;1135,53
8,78;1137,21
8,78;1170,5
8,79;1108,76
8,8;1116,22
8,81;1116,82
8,82;1166,16
8,82;1113,73
8,85;1153,42
8,86;1130,66
8,86;1151,2
8,87;1140,72
8,88;1209,69
8,88;1138,82
8,9;1104,53
8,9;1128,73
8,91;1196,9
8,92;1170,81
8,94;1171,63
8,95;-5,54
8,97;1182,18
8,98;1201,51
9;1166,23
9,01;1193,42
9,02;1265,96
9,04;1220,65
9,04;1309,58
9,04;-6,46
9,05;1196,79
9,07;1164,43
9,08;1336,14
9,08;1197,18
9,09;1170,99
9,09;1220,62
9,1;1195,73
9,1;1171,04
9,1;1267,64
9,1;-6
9,1;-5,65
9,11;1236,34
9,12;1237,34
9,13;1169,18
9,14;1323,23
9,15;1276,96
9,16;1190,76
9,16;-5,64
9,17;1212,26
9,18;1268,75
9,18;1223,83
9,18;-6,39
9,18;-6,36
9,19;1239,79
9,19;1274,26
9,19;1230,72
9,2;1254,82
9,2;-5,54
9,2;1254,46
9,2;1325,56
9,2;1290,75
9,23;1282,71
9,24;1280,29
9,24;-5,92
9,24;-6,39
9,24;1219,33
9,27;1334,22
9,28;1330,03
9,29;-6,38
9,3;1280,85
9,3;1245,69
9,3;1280,41
9,3;1291,86
9,3;-5,57
9,31;1255,17
9,32;1352,84
9,32;-5,78
9,33;1332,16
9,33;1312,79
9,34;1276,22
9,35;1329,13
9,36;1273,18
9,36;-5,79
9,37;-5,61
9,37;-5,55
9,37;1256,24
9,37;1364,61
9,38;1367,91
9,38;1361,83
9,38;1303,08
9,38;1373,95
9,38;1407,16
9,38;1466,89
9,39;1388,1
9,39;1398,8
9,39;1325,71
9,4;1292,54
9,4;1323,87
9,4;1246,74
9,41;1295,2
9,41;1466,91
9,42;1352,18
9,43;1338,74
9,43;-6,37
9,43;1368,88
9,44;1357,9
9,44;1405,59
9,45;1315,51
9,45;1433,63
9,46;-5,48
9,46;1304,39
9,47;1335,7
9,47;1374,93
9,48;1461,81
9,48;1237,43
9,48;-6,39
9,49;1376,98
9,49;1443,79
9,49;1462,2
9,5;1378,47
9,51;1364,78
9,51;1361,89
9,51;1407,92
9,52;-6,4
9,52;-5,61
9,53;1452,49
9,53;1497,03
9,54;1393,71
9,54;1388,01
9,55;1380,26
9,56;1466,75
9,57;1346,38
9,57;1521,73
9,57;1326,94
9,57;1357,85
9,57;1388,91
9,57;1349,29
9,58;-5,86
9,58;-6,34
9,59;-5,64
9,59;1361,89
9,59;1430,71
9,59;1402,26
9,59;1422,93
9,6;1382,56
9,6;1435,14
9,61;1263,59
9,61;1403,49
9,61;1346,34
9,62;1367,64
9,64;1379,72
9,64;-5,55
9,64;1407,65
9,64;1446,52
9,64;1466,14
9,65;1471,95
9,65;1389,35
9,66;1416,81
9,66;1411,15
9,66;1423,04
9,66;1363,79
9,66;1375,04
9,66;1353,82
9,67;1467,14
9,67;1419,83
9,67;1378,61
9,67;1374,09
9,67;1340,99
9,68;1414,12
9,68;-6,44
9,68;1398,95
9,68;1405,96
9,68;1466,05
9,69;1452,35
9,69;1457,61
9,69;1423,08
9,69;1382,19
9,69;1398,63
9,7;1473,42
9,7;-5,58
9,71;1380,4
9,71;-5,7
9,71;1415,95
9,72;1521,23
9,72;1396,77
9,73;1449,63
9,73;1429,44
9,74;1454,81
9,75;1476,46
9,75;-5,55
9,75;1527,81
9,75;1406,95
9,75;1472,75
9,75;1458,57
9,77;1483,45
9,77;1381,97
9,77;1420,78
9,77;-6,4
9,78;1446,91
9,79;1464,9
9,79;1459,95
9,79;1475,16
9,8;1463,87
9,8;1429,87
9,8;1394,16
9,8;1455,01
9,81;1467,49
9,81;1446,06
9,82;1440,88
9,83;-6,39
9,83;1449,28
9,83;1477,39
9,84;1435,79
9,84;1474,2
9,84;-5,57
9,85;1481,97
9,85;1423,24
9,86;1480,33
9,86;1413,01
9,86;1471,68
9,86;1486,99
9,86;1453,05
9,87;1442,81
9,87;1474,87
9,87;1466,55
9,88;1517,17
9,88;1476,71
9,89;1452,17
9,9;1484,56
9,9;1564,86
9,9;1444,44
9,9;1463,89
9,91;1461,14
9,91;1494,01
9,91;1508,33
9,91;1484,69
9,91;1535,86
9,92;1474,54
9,93;-5,73
9,93;1468,02
9,93;1553,03
9,93;1469,81
9,93;1534
9,94;1523,56
9,94;1517,77
9,94;1479,17
9,95;1444,47
9,95;1490,54
9,96;1457,31
9,96;1498,51
9,96;1449,24
9,97;1525
9,97;-5,48
9,97;1501,92
9,97;1461,01
9,97;1443,29
9,97;1507,54
9,98;1520
9,98;1508,11
9,98;1485
9,98;1492,73
9,98;1505,58
9,98;1515,01
9,98;1483,57
9,98;1400,61
9,98;1578,48
9,99;1530,6
9,99;1531,08
9,99;1573,55
9,99;1517,52
9,99;1513,88
9,99;-5,64
10;1518,1
10;1515,65
10,01;1533,61
10,01;-5,64
10,02;1520,37
10,02;1530,21
10,02;1521,75
10,02;1519,46
10,02;1493,18
10,03;1520,32
10,03;1520,44
10,03;1469,18
10,03;1499,08
10,03;1571,74
10,03;1506,41
10,03;1612,13
10,04;1542,78
10,04;-5,63
10,05;1521,47
10,05;1541,23
10,06;1541,01
10,06;1510,34
10,06;1509,96
10,06;1524,5
10,06;1541,84
10,06;-5,58
10,06;1531,91
10,07;-6,33
10,07;1569,73
10,07;1534,12
10,07;1521,22
10,07;1635,09
10,08;1443,74
10,08;1570,56
10,08;1553,62
10,09;1519,09
10,09;1509,18
10,09;1558,9
10,1;1607,15
10,1;1518,39
10,1;1629,39
10,1;1513,57
10,1;1584,4
10,11;1567,5
10,11;1612,69
10,11;1585,57
10,11;1532,83
10,12;1513,83
10,13;1548,94
10,13;-5,72
10,14;1589,99
10,14;1541,33
10,14;1599,96
10,15;1554,18
10,15;1522,16
10,15;1549,3
10,15;1580,88
10,15;1572,22
10,15;-5,64
10,16;1533,58
10,16;1564,36
10,16;1611,31
10,16;1575,6
10,17;1575,83
10,17;1556,8
10,18;1595,04
10,18;1606,78
10,18;1569,73
10,18;1566,84
10,18;1608,79
10,18;1586,14
10,18;1541,84
10,18;1543,64
10,19;1652,51
10,19;1592,48
10,19;1563
10,19;1532,8
10,19;1552,79
10,19;1569,95
10,2;1568,57
10,2;1607,02
10,2;1581,88
10,2;1504,78
10,2;1490,72
10,2;1610,53
10,2;1571,44
10,21;1575,19
10,21;1538,16
10,21;1667,89
10,21;1561,51
10,22;1567,04
10,22;1595,6
10,22;1655,63
10,22;1559,36
10,22;-5,64
10,23;1612,15
10,23;1611,98
10,23;1587,22
10,24;1570,08
10,24;1615,38
10,24;1591,45
10,24;1590,23
10,24;1594,27
10,25;1645,52
10,25;1562,42
10,25;1572,5
10,25;1556
10,25;1521,39
10,26;1568,99
10,26;1588,71
10,26;1662,24
10,26;1586,91
10,28;1579,62
10,28;1598,63
10,28;1531,17
10,28;1615,49
10,28;-6,33
10,29;1594,04
10,29;1608,16
10,29;1572,45
10,29;1612,96
10,29;-5,58
10,3;1607,85
10,3;1618,27
10,3;1625,17
10,3;1571,49
10,3;1637,35
10,3;1596,73
10,3;1612,53
10,3;1623,1
10,3;1628,17
10,31;1608,95
10,31;-5,57
10,31;1512,94
10,31;1535,92
10,31;1578,75
10,32;1586,64
10,32;1628,23
10,32;1590,84
10,32;1597,29
10,32;1581,46
10,32;1519,47
10,32;1536,67
10,32;-5,64
10,33;1608,13
10,33;1586,31
10,34;1499,36
10,34;1615,45
10,34;1597,97
10,34;1556,55
10,34;1586,01
10,35;1614,86
10,35;1618,12
10,35;1576,28
10,35;1550,65
10,35;1604,99
10,36;1618,67
10,36;1622,19
10,36;1608,35
10,36;1627,28
10,37;1593,04
10,37;1604,78
10,37;1583,73
10,37;1658,95
10,37;1637,1
10,37;1617,03
10,37;1637,65
10,37;1586,15
10,37;1638,2
10,37;1564,82
10,38;1576,9
10,38;1591,11
10,38;1621,21
10,38;1603,49
10,38;1602,9
10,38;1613,2
10,39;1594,45
10,39;1621,73
10,39;1640,39
10,39;1600,55
10,39;1565,19
10,39;1606,49
10,4;1626,45
10,4;1623,07
10,4;1637,13
10,4;1643,11
10,4;1632,51
10,4;1614,72
10,4;1587,3
10,4;1619,47
10,4;1601,78
10,4;1515,33
10,41;-6,4
10,41;1601,61
10,41;1639,4
10,42;1618,4
10,42;1636,01
10,42;1588,25
10,42;1617,07
10,42;1639,1
10,42;1623,78
10,42;1632,71
10,42;1621,42
10,42;1617,02
10,43;1634,23
10,43;1615,93
10,43;1612,95
10,43;1588,97
10,43;1624,42
10,44;1618,95
10,44;1610,02
10,44;1569,48
10,44;1667,62
10,44;1641,65
10,44;1647,78
10,44;1537,36
10,44;1615,62
10,44;1607,07
10,45;1612,36
10,45;1594,16
10,45;1598,64
10,45;1589,69
10,46;1647,83
10,46;1601,6
10,46;1642,51
10,46;1653,99
10,46;-5,56
10,46;1670,46
10,46;1649,85
10,47;1567,09
10,47;1646,93
10,47;1659,54
10,47;1645,13
10,47;1628,2
10,48;1630,86
10,48;1614,08
10,48;1603,25
10,48;1576,51
10,48;1657,02
10,48;1661,09
10,48;1592,65
10,48;1634,39
10,48;1661,59
10,49;1569,11
10,49;1653,61
10,49;1571,52
10,49;1629,17
10,49;1594,56
10,5;1649,39
10,5;1613,93
10,5;1640,95
10,5;1602
10,5;1654,27
10,5;1645,17
10,51;1657,52
10,51;1632,2
10,51;1642,77
10,52;1653,65
10,52;-6,37
10,52;1655,43
10,52;1647,75
10,52;1607,38
10,53;1658,64
10,53;1653,34
10,53;1617,25
10,53;1620,26
10,53;1626,29
10,53;1664,25
10,53;1649,09
10,54;1625,71
10,54;1651,74
10,54;1628,81
10,54;1623,69
10,54;1610,15
10,54;1643,69
10,55;1627,03
10,55;1670,16
10,55;1624,96
10,55;1614,02
10,56;1664,73
10,56;-6,39
10,56;1610,5
10,56;1598,9
10,56;1595,33
10,56;1627,84
10,56;1656,7
10,56;1627,22
10,56;1625,81
10,57;1652
10,57;1599,57
10,57;1559,1
10,57;1623,91
10,57;1628,29
10,57;1656,81
10,58;1639,58
10,58;1675,4
10,58;1610,6
10,58;1663,29
10,58;1593,6
10,58;1627,97
10,58;-5,58
10,58;1674,93
10,59;1647,74
10,59;1599,3
10,59;1666,96
10,59;1635,55
10,59;1643,82
10,59;1647,63
10,59;1634,95
10,59;1657,94
10,59;1638,56
10,6;1659,11
10,6;1614,14
10,6;1630,15
10,6;1654,25
10,6;1654,68
10,6;1664,26
10,6;1614,96
10,6;1637,86
10,6;1628,56
10,6;1657,94
10,61;1613,97
10,61;1637,14
10,61;1602,95
10,61;1647,25
10,61;1615,27
10,61;1599,59
10,61;1611,12
10,61;1619,74
10,62;1652,13
10,62;1589,58
10,62;1660,48
10,62;1645,75
10,62;1631,04
10,63;-5,48
10,63;1668,47
10,63;1590,79
10,64;1634,45
10,64;-5,36
10,64;1653,24
10,64;1603,82
10,65;1669,12
10,65;1659,56
10,65;1630,76
10,65;1657,79
10,66;1638,9
10,66;1660,24
10,66;1635,31
10,67;-5,54
10,67;1670,73
10,67;1647,8
10,67;1608,54
10,68;1634,8
10,68;1664,3
10,68;1660,93
10,68;1594,16
10,68;1651,44
10,69;1632,89
10,69;1631,75
10,69;1641,63
10,69;1655,33
10,69;339,26
10,69;-5,58
10,69;1657,75
10,7;1648,36
10,7;1664,92
10,7;1646,65
10,7;1646,65
10,7;1658,18
10,7;1630,85
10,7;1659,04
10,7;1656,7
10,7;1663,97
10,71;1643,31
10,71;1663,12
10,71;1646,34
10,71;1631,79
10,71;1644,24
10,71;1690,87
10,71;1680,56
10,71;1644,17
10,71;1641,64
10,72;1646,99
10,72;1646,84
10,72;1662,98
10,72;1636,42
10,72;1625,47
10,72;1608,53
10,72;1623,51
10,72;1683,97
10,72;1631,47
10,72;1643,93
10,73;1657,95
10,73;1625,02
10,73;1663,32
10,73;1663,15
10,73;1658,95
10,73;1676,63
10,73;1638,17
10,74;1645,31
10,74;1667,76
10,74;1628,94
10,74;1675,07
10,74;1672,13
10,74;1649,93
10,75;38,05
10,75;1635,53
10,75;1673,21
10,75;1614,16
10,75;1693,28
10,76;1664,41
10,76;1659,45
10,76;1642,22
10,76;1613,4
10,76;1671,46
10,77;1663,84
10,77;1601,54
10,77;1645,47
10,77;1685,21
10,77;1642,64
10,77;1665,22
10,77;1668,1
10,77;1614,9
10,77;1667,15
10,77;1648,67
10,77;1659,15
10,77;1675,62
10,78;1664,67
10,78;1615,91
10,78;1589,32
10,78;1666,28
10,78;1623,58
10,79;1643,79
10,79;1678,75
10,8;1663,67
10,8;1662,57
10,8;1678,61
10,8;1679,06
10,8;1663,9
10,8;1684,15
10,8;1673,66
10,8;1659,82
10,8;1654,02
10,81;1646,17
10,81;1678,6
10,81;1685,19
10,81;1667,17
10,81;1643,11
10,81;1691,04
10,82;-5,56
10,82;1651,13
10,82;1659,41
10,82;1578,68
10,82;1651,74
10,82;1668,12
10,82;1655,95
10,82;1663,49
10,83;1647,78
10,83;1645,89
10,83;1693,29
10,83;1593,72
10,84;1656,93
10,84;1687,15
10,84;1657,98
10,84;1663,76
10,85;1657,05
10,85;1676,21
10,85;1658,41
10,86;1672,66
10,86;1701,26
10,86;1632,26
10,86;1675,93
10,86;1657,07
10,87;1669,05
10,87;1658,22
10,87;1666,79
10,87;1600,3
10,87;1645,24
10,88;1654,74
10,88;1652,63
10,89;1645
10,89;1665,59
10,89;1649,6
10,89;1695,15
10,89;1668,74
10,89;1657,72
10,89;1667,34
10,89;1649,29
10,89;1665,69
10,9;1656,48
10,9;1690,58
10,9;1663,44
10,9;1646,41
10,9;-6,37
10,91;1666,42
10,91;1655,9
10,91;1671,26
10,91;1669,23
10,91;1673,73
10,91;1677,43
10,91;1624,82
10,91;1688,73
10,92;1674,72
10,93;1643,47
10,93;1658,91
10,93;1678,1
10,93;1683,89
10,93;1638,81
10,93;1680,66
10,94;1657,36
10,94;1659,86
10,94;1682,28
10,94;1657,68
10,94;1656,28
10,95;1674,28
10,95;1660,97
10,95;1667,47
10,95;1652,94
10,95;1669,24
10,95;1688,47
10,96;1693,57
10,96;1689,78
10,96;1671
10,96;1657,84
10,96;1700,16
10,96;1672,42
10,96;1704,17
10,97;1672,76
10,97;1670,46
10,97;1653,66
10,97;1657,94
10,97;1674,02
10,97;1657,19
10,97;1522,37
10,98;1670,54
10,98;1666,45
10,98;1659,99
10,98;1675,96
10,98;1704,93
10,98;1628,8
10,98;1659,96
10,98;1681,35
10,98;1633,38
10,99;1679,21
10,99;1679,8
10,99;1680,74
10,99;1691,75
10,99;1676,69
10,99;1693,15
10,99;1670,07
10,99;1635,57
11;1666,14
11;1669,06
11;1680,03
11;1680,58
11,01;1693,99
11,01;1654,41
11,01;1639,89
11,01;1619,78
11,01;1706,52
11,01;1672,37
11,01;1663,82
11,01;1643,33
11,01;1659,57
11,01;1693,05
11,01;1646,68
11,01;1686,98
11,02;1688,16
11,02;1663,36
11,02;1670,05
11,02;1651,62
11,02;1674
11,02;1699,3
11,02;1669,42
11,02;1671,74
11,02;1684,99
11,02;1697
11,02;1686,2
11,02;1682,96
11,03;1671,6
11,03;1659,7
11,03;1684,18
11,03;1659,72
11,03;1685,12
11,03;1642,72
11,03;1684,92
11,03;1672,25
11,04;1671,63
11,04;1673,51
11,04;1659,3
11,04;1668,06
11,04;1687,58
11,04;1674,8
11,04;1687,86
11,04;1683,3
11,04;1693,82
11,04;1683,29
11,04;1672,16
11,04;1673,45
11,05;1676,35
11,05;1674,93
11,05;-5,56
11,05;1681,72
11,05;1684,71
11,05;1667,89
11,05;1666,46
11,05;1702,89
11,05;1697,64
11,05;1681,52
11,05;1681,04
11,05;1690,1
11,06;1706,15
11,06;1680,66
11,06;1701,17
11,06;1695,17
11,06;1667,34
11,06;1678,6
11,06;1630,86
11,06;1656,22
11,06;1687,7
11,06;1655,95
11,06;1687,81
11,06;1674,07
11,07;1684,68
11,07;1630,06
11,07;-6,35
11,07;1694,52
11,07;1674,93
11,07;1647,72
11,07;1661,51
11,07;1696,57
11,07;1672,51
11,07;1644,9
11,07;1668,17
11,08;1683,06
11,08;1675,19
11,08;1662,47
11,08;1656,51
11,08;1669,92
11,08;1602,04
11,08;1662,26
11,08;1666,22
11,08;1678,06
11,09;1688,54
11,09;1674,65
11,09;1700,66
11,09;1642,83
11,09;1674,62
11,09;1679,29
11,09;1689,52
11,09;1663,08
11,09;1642,61
11,1;1684,27
11,1;1675,01
11,1;1675,65
11,1;1694,74
11,1;1689,38
11,1;1597,17
11,1;1690,41
11,11;1681,03
11,11;1670,74
11,11;1627,46
11,11;1685,9
11,11;1681,5
11,11;1662,94
11,11;1655,05
11,11;1692,24
11,12;1675,24
11,12;1670,82
11,12;1689,19
11,12;1668,43
11,12;1679,63
11,12;1687,02
11,12;1701,34
11,12;1658,01
11,13;1665,74
11,13;1695,11
11,13;1677,35
11,13;1662,5
11,13;1681,78
11,13;1683,94
11,13;1646,75
11,13;1686,8
11,13;1664,69
11,13;1655,91
11,13;1695,82
11,14;1641,65
11,14;1696,72
11,14;1683,84
11,15;1674,63
11,15;1675,11
11,15;1693,67
11,15;1695,72
11,15;1682,38
11,15;1668,69
11,15;1646,82
11,15;1670,58
11,15;1597,73
11,15;1657,73
11,15;1691,03
11,15;1682,51
11,15;1689,8
11,15;1676,72
11,16;1698,45
11,16;1660,74
11,16;1652,34
11,16;1663,89
11,16;1670,82
11,17;1680,21
11,17;1678,78
11,17;1674
11,17;1710,21
11,17;1692,37
11,18;1679,97
11,18;1664,67
11,18;1688,29
11,18;1666,45
11,19;1691,68
11,19;1665,97
11,19;1698,7
11,19;1683,84
11,19;1668,54
11,19;1670,1
11,2;1697,29
11,2;1707,11
11,2;1654,25
11,2;1687,46
11,21;1674,38
11,21;1686,19
11,21;1668,51
11,21;1683,82
11,21;1662,77
11,21;1674,09
11,21;1664,91
11,22;1670,04
11,22;1670,54
11,22;1657,35
11,22;1679,24
11,22;1704,22
11,22;1666,73
11,22;1698,82
11,23;1670,06
11,23;1662,16
11,23;1692,4
11,23;1662,55
11,24;1686,24
11,24;1689,41
11,24;1706,85
11,24;1683,92
11,24;1682,81
11,24;1643,08
11,25;1693,85
11,25;1691,92
11,25;1676,86
11,25;1679,89
11,25;1673,45
11,25;1695,86
11,25;1666,98
11,26;1675,73
11,26;1698,06
11,26;1645,65
11,27;1681,78
11,27;1672,63
11,27;1656,81
11,27;1675,96
11,27;1603,78
11,28;1670,76
11,28;1694,03
11,28;1690,07
11,28;1670,74
11,28;1690,12
11,28;1703,93
11,29;1699,07
11,29;1686,29
11,29;1685,51
11,29;1680,44
11,29;1690,69
11,29;1675,3
11,3;1661,26
11,3;1637,69
11,3;1669,37
11,3;1676,79
11,3;1687,45
11,3;1710,28
11,3;1692,98
11,3;1695,71
11,3;1675,12
11,3;1679
11,31;1699,33
11,31;1682,73
11,31;1686,38
11,31;1702,9
11,31;1672,53
11,31;1656,7
11,31;1656,19
11,31;1676
11,31;1695,14
11,31;1694,36
11,32;1676,57
11,32;1680,53
11,32;1711,67
11,32;1700,64
11,32;1663,46
11,32;1677,24
11,32;1682,06
11,32;1668,39
11,33;1701,08
11,33;1679,55
11,33;1662,95
11,33;1679,38
11,33;1689,96
11,33;1679,62
11,33;1670,15
11,34;1668,05
11,34;1712,96
11,34;1678,41
11,34;1615,97
11,34;1648,41
11,35;1706,77
11,35;1686,19
11,35;1679,05
11,35;1674,78
11,36;1696,52
11,36;1693,87
11,36;1668,44
11,36;1703,16
11,36;1660,93
11,37;1477,2
11,37;1677,1
11,37;1679,32
11,37;1686,63
11,37;1672,34
11,37;1682,65
11,37;1698
11,37;1676,66
11,37;1695,87
11,38;1697,78
11,38;1688,94
11,38;-5,48
11,38;1670,94
11,38;1694,24
11,38;1702,15
11,38;1689,02
11,38;1711,81
11,39;1691,41
11,39;1718,16
11,39;1684,64
11,39;1682,28
11,39;1663,69
11,4;1690,33
11,4;1696,05
11,4;1673,08
11,4;1680,61
11,4;1693,26
11,4;1703,46
11,4;1678,15
11,41;1658,27
11,41;1671,31
11,41;1671,78
11,41;1686,16
11,41;1669,7
11,41;1690,99
11,41;1672,11
11,41;1676,34
11,41;1643,05
11,41;1673,52
11,41;1669,11
11,41;1686,09
11,42;1684,83
11,42;1669,47
11,42;1679,42
11,42;1683,06
11,42;1674,8
11,42;1687,77
11,42;1678,67
11,42;1661,45
11,42;1696,59
11,42;1623,75
11,43;1699,26
11,43;1686,93
11,43;1696,42
11,43;1693,05
11,43;61,6
11,43;1657,62
11,43;1673,06
11,43;1699,99
11,43;1695,52
11,43;1688,31
11,43;1702
11,43;1706,68
11,44;1693,72
11,44;1708,25
11,44;1678,94
11,44;1682,07
11,44;1667,45
11,44;1630,49
11,44;1667,71
11,44;1684,71
11,44;1681,94
11,44;1701,51
11,44;1709,35
11,44;1670,65
11,44;1693,17
11,44;1683,85
11,45;1692,88
11,45;1686,9
11,45;1673,14
11,45;1675,03
11,45;1672,57
11,45;1690,19
11,45;1654,09
11,45;1680,56
11,45;1702,32
11,45;1690,91
11,46;1692,12
11,46;1666,93
11,46;1690,81
11,46;1687,6
11,46;1693,02
11,46;1695,61
11,46;1677,41
11,46;1671,12
11,46;1697,26
11,46;1680,96
11,46;1671,23
11,46;1695,24
11,46;1706,74
11,46;1669,37
11,46;1673,39
11,47;1672,35
11,47;1700,96
11,47;1708,86
11,47;1680,74
11,47;1706,54
11,47;1676,03
11,47;1688,72
11,47;1678,6
11,47;1701,23
11,47;1685,71
11,47;1708,4
11,47;1696,95
11,47;1685,67
11,48;1671,56
11,48;1703,4
11,48;1695,67
11,48;1711,42
11,48;1687,07
11,48;1674,23
11,48;1655,49
11,48;1701,32
11,48;1660,29
11,48;1667,35
11,48;1693,91
11,48;1675,08
11,49;1682,29
11,49;1668,68
11,49;1686,98
11,49;1701,67
11,49;1673,65
11,5;1676,19
11,5;1672,01
11,5;1690,38
11,5;1701,1
11,5;1679,73
11,5;1702,5
11,5;1701,15
11,5;1691,19
11,5;1683,05
11,5;1709,77
11,5;1670
11,51;1676,99
11,51;1684,54
11,51;1666,83
11,51;1652,53
11,51;1681,62
11,51;1694,23
11,51;1700,84
11,51;1691,24
11,51;1675,38
11,51;1666,29
11,51;1658,51
11,52;1700,26
11,52;1674,73
11,52;1674,07
11,52;1679,01
11,52;1702,32
11,52;1667,1
11,52;1681,3
11,52;1705,26
11,52;1686,22
11,52;1673,45
11,52;1701,7
11,52;1666,11
11,52;1675,01
11,53;1711,4
11,53;1683,1
11,53;1684,83
11,53;1670,88
11,53;1696,3
11,53;1706,43
11,53;1683,1
11,53;1685,29
11,54;1669,71
11,54;1673,99
11,54;1690,24
11,54;1646,21
11,54;1692,75
11,54;1707,36
11,54;1672,79
11,54;1667,23
11,54;1674,52
11,54;1650,49
11,54;1697,96
11,54;1675,28
11,55;1683,7
11,55;1681,44
11,55;1658,81
11,55;1675,62
11,55;1688,34
11,55;1693,67
11,55;1704,45
11,55;1695,53
11,55;1675,38
11,56;1675,89
11,56;1684,17
11,56;1716,07
11,56;1683,78
11,56;1681,9
11,56;1678,93
11,57;1692,08
11,57;1674,93
11,57;1705,83
11,57;1648,91
11,57;1684,55
11,57;1680,79
11,57;1667,87
11,57;1681,42
11,57;1667,39
11,58;1709,92
11,58;1672,09
11,58;1681,38
11,58;1678,53
11,58;1687,15
11,58;1678,43
11,58;1671,24
11,58;1705,97
11,58;1675,55
11,59;1676,06
11,59;1693,73
11,59;1677,7
11,59;1681,36
11,59;1676,23
11,59;1660,16
11,59;1668,64
11,59;1704
11,59;1700,68
11,59;1665,81
11,59;1689,24
11,6;1692,19
11,6;1655,57
11,6;1688,8
11,6;1690,01
11,6;1698,98
11,6;1679,2
11,6;1688,45
11,6;1671,54
11,6;1639,51
11,61;1693,57
11,61;1685,61
11,61;1713,01
11,61;1685,59
11,61;1673,52
11,61;1683,35
11,61;1680,86
11,61;1690,54
11,61;1686,31
11,61;1697,22
11,61;1698,35
11,61;1685,19
11,61;1687,7
11,61;1686,78
11,62;1663,65
11,62;1682,98
11,62;1665,28
11,62;1685,98
11,62;1681,31
11,62;1691,78
11,62;1670,71
11,62;1661,07
11,62;1670,47
11,62;1680,02
11,62;1697,38
11,62;1675
11,63;1694,03
11,63;1685,37
11,63;1695,55
11,63;1690,81
11,63;1687,8
11,63;1683,55
11,63;1686,45
11,63;1681,41
11,63;1685,71
11,63;1687,35
11,64;1695,76
11,64;1700,6
11,64;1709,22
11,64;1690,82
11,64;1674,85
11,64;1685,58
11,64;1689,07
11,64;1663,49
11,64;1704,52
11,64;1695,69
11,64;1678,22
11,64;1675,65
11,65;1691
11,65;1693,45
11,65;1695,18
11,65;1694,95
11,65;1711,04
11,65;1693,67
11,65;1704,28
11,65;1701,96
11,65;1689,67
11,65;1677,17
11,65;1683,2
11,65;1664,05
11,66;-5,48
11,66;1690,68
11,66;1687,02
11,66;1689,24
11,67;1692,3
11,67;1678,81
11,67;1676,74
11,67;1685,83
11,67;1710,3
11,67;1708,84
11,67;1655,84
11,67;1686,67
11,67;1698,5
11,67;1695,87
11,67;1688,49
11,67;1675,57
11,67;1678,09
11,68;1689,14
11,68;1690,94
11,68;1679,22
11,68;1698,09
11,68;1678,02
11,68;1697,14
11,68;1692,47
11,68;1697,98
11,68;1699,04
11,68;1669,1
11,68;1710,31
11,69;1687,9
11,69;1711,22
11,69;1694,65
11,69;1675,34
11,69;1696,59
11,69;1675,43
11,69;1685,07
11,69;1604,63
11,69;1714,03
11,69;1695,37
11,7;1699,68
11,7;1707,28
11,7;1678,32
11,7;1668,27
11,7;1686,98
11,7;1677,63
11,7;1698,34
11,7;1698,41
11,7;1698,23
11,7;1675,31
11,71;1706,75
11,71;1678,14
11,71;1680,7
11,71;1696,26
11,71;1658,18
11,71;1686,84
11,71;1694,39
11,71;1692,86
11,71;1717,43
11,72;1687,76
11,72;1668,23
11,72;1691,66
11,72;1688,84
11,72;1676,56
11,72;1671,91
11,72;1668,98
11,72;1687,41
11,73;1701,29
11,73;1678,77
11,73;1702,31
11,73;1671,7
11,73;1690,65
11,73;1691,96
11,73;1693,5
11,73;1679,62
11,73;1677,53
11,74;1705,05
11,74;1679,75
11,74;1692,71
11,74;1686,07
11,74;1678,69
11,75;1702,88
11,75;1709,25
11,75;1700,1
11,75;1675,18
11,75;1703,41
11,75;1688,98
11,75;1689,36
11,75;1688,92
11,76;1694,69
11,76;1703,57
11,76;1676,19
11,76;1701,94
11,76;1684,16
11,76;1678,29
11,76;1694,87
11,76;1707,69
11,76;1666,38
11,76;1634,61
11,76;1688,01
11,77;1701,58
11,77;1694,7
11,77;1676,25
11,77;1682,71
11,77;1683,3
11,77;1689,28
11,77;1674,44
11,77;1688,1
11,77;1684,48
11,77;1663,43
11,78;1690,03
11,78;1691,94
11,78;1681,11
11,79;1681,46
11,79;1708,3
11,79;1671,9
11,79;1688,8
11,79;1669,99
11,79;1692,1
11,8;1707,14
11,8;1683,68
11,8;1689,24
11,8;1699,68
11,8;1706,94
11,8;1705,48
11,8;1676,98
11,8;1686,34
11,8;1689,73
11,8;1685,04
11,8;1680,59
11,8;1659,25
11,8;1679,89
11,81;1681,24
11,81;1689,61
11,81;1680,25
11,81;1667,04
11,81;1690,19
11,81;1708,21
11,81;1702,03
11,81;1698,61
11,81;1677,88
11,81;1673,83
11,81;1689,28
11,81;1679,67
11,81;1675,62
11,81;1707,33
11,81;1690,94
11,82;1686,37
11,82;1701,54
11,82;1688,87
11,82;1685,43
11,82;1691,98
11,82;1663,68
11,83;1701,96
11,83;1713,24
11,83;1700,57
11,83;1705,67
11,83;1684,8
11,83;1680,54
11,83;1689,32
11,83;1674,81
11,83;1690,68
11,83;1691,83
11,83;1689,24
11,83;1681,9
11,84;1684,4
11,84;1705,87
11,84;1694,4
11,84;1692,19
11,84;1694,93
11,84;1680,36
11,84;1671,5
11,84;1712,11
11,84;1680,41
11,84;1704,82
11,84;1706,53
11,84;1680,75
11,84;1688,31
11,85;1701,26
11,85;1709,66
11,85;1710,28
11,85;1679,23
11,85;1682,62
11,85;1699,73
11,85;1676,41
11,85;1674,17
11,85;1682,43
11,85;1677,76
11,85;1681,5
11,85;1679,96
11,85;1673,64
11,85;1690,93
11,85;1679,28
11,86;1680,97
11,86;1684,9
11,86;1685,57
11,86;1693,25
11,86;1687,43
11,86;1683,25
11,86;1698,32
11,87;1690,99
11,87;1703,14
11,87;1675,86
11,87;1676,52
11,87;1712,38
11,87;1697,27
11,87;1672,8
11,88;1697,63
11,88;1688,48
11,88;1676,17
11,88;1674,79
11,88;1693,12
11,88;1682,99
11,88;1701,46
11,88;1682,66
11,88;1674,31
11,88;1678,11
11,88;1682,31
11,88;1687,75
11,89;1690,51
11,89;1695,56
11,89;1674,56
11,89;1693,24
11,89;1682,03
11,89;1691,94
11,89;1690,48
11,89;1683,65
11,9;1685,44
11,9;1711,72
11,9;1690,77
11,9;1692,86
11,9;1690,55
11,9;1689,38
11,9;1696,66
11,9;1695,6
11,9;1690,85
11,9;1714,28
11,9;1694,77
11,9;1693,89
11,9;1695,62
11,91;1694,83
11,91;1673,38
11,91;1686,95
11,91;1694,51
11,91;1690,03
11,91;1677,79
11,91;1670,45
11,92;1681,82
11,92;1692,4
11,92;-5,55
11,92;1697,34
11,92;1687,37
11,92;1680,64
11,92;1696,53
11,92;1700,37
11,92;1688,1
11,92;1703,99
11,93;1705,91
11,93;1681,94
11,93;1701,67
11,93;1699,28
11,93;1682,09
11,93;1689,72
11,93;1708,21
11,93;1675,34
11,93;1702,13
11,93;1704,21
11,93;1703,44
11,93;1691,71
11,93;1688,97
11,93;1700,64
11,93;1677,47
11,94;1712,86
11,94;1698,93
11,94;1702,13
11,94;1698,46
11,94;1678,72
11,94;1694,49
11,94;1710,06
11,95;1681,58
11,95;1700,28
11,95;1681,47
11,95;1695,11
11,95;1681,04
11,95;1683,43
11,95;1691,02
11,95;1691,86
11,95;1702,21
11,95;1669,94
11,96;1694,61
11,96;1685,71
11,96;1693,38
11,96;1706,58
11,96;1697,84
11,96;1675,98
11,96;1689,24
11,96;1678,97
11,96;1690,45
11,97;1693,22
11,97;1693,13
11,97;1695,96
11,97;1682,58
11,97;1695,62
11,97;1693,09
11,97;1685,04
11,98;1697,93
11,98;1703,41
11,98;1712,1
11,98;1703,05
11,98;1690,89
11,98;1691,3
11,98;1680,89
11,98;1698,41
11,98;1688,44
11,98;1691,91
11,98;1686,95
11,99;1694,96
11,99;1686,36
11,99;1690,49
11,99;1669,5
11,99;1684,73
11,99;1691,16
11,99;1682,76
11,99;1704,28
11,99;1674,52
11,99;1702,5
11,99;1656,11
11,99;1681,24
11,99;1669,97
11,99;1673,99
11,99;1673,76
11,99;1710,34
12;1703,02
12;1683,83
12;1686,07
12;1706,75
12;1701,14
12;1686,2
12;1669,61
12;1715,24
12;1682,43
12;1693,74
12;1686,2
12;1691,78
12;1663,26
12,01;1683,08
12,01;1693,36
12,01;1691,03
12,01;1697,31
12,01;1690,51
12,01;1690,22
12,01;1684,62
12,01;1704,67
12,01;1684,1
12,01;1694,89
12,01;1693,87
12,01;1705,07
12,01;1686,5
12,02;1687,78
12,02;1705,51
12,02;-5,49
12,02;1688,49
12,02;1699,42
12,02;1695,43
12,02;1693,68
12,02;1695,26
12,02;1694,87
12,02;1701,21
12,02;1677,07
12,02;1686,67
12,02;1675,15
12,02;1698,85
12,02;1708,31
12,03;1698,49
12,03;1711,92
12,03;1709,67
12,03;1685,35
12,03;1706,64
12,04;1695,58
12,04;1696,91
12,04;1699,36
12,04;1685,53
12,04;1677,8
12,04;1703,98
12,04;1703,51
12,04;1689,33
12,04;1681,26
12,05;1712,27
12,05;1698,41
12,05;1688,52
12,05;1696,09
12,05;1691,82
12,05;1685,49
12,05;1715,27
12,05;1686,05
12,05;1693,63
12,05;1699,99
12,05;1684,75
12,05;1686,22
12,06;1709,93
12,06;1688,21
12,06;1668,76
12,06;1698,76
12,06;1705,94
12,06;1690,88
12,06;1686,37
12,06;1685,99
12,06;1688,62
12,06;1694,25
12,07;1678,91
12,07;1707,16
12,07;1710,45
12,07;1698,89
12,07;1687,13
12,07;1685,48
12,07;1700,33
12,07;1698,82
12,07;1697,95
12,07;1685,52
12,07;1682,45
12,07;1692,03
12,07;1690,44
12,07;1709,43
12,08;1698,44
12,08;1697,86
12,08;1675,33
12,08;1684,02
12,08;1712,06
12,08;1674,96
12,08;1710,12
12,08;1700,71
12,08;1688,69
12,08;1708,77
12,08;1713,99
12,09;1681,42
12,09;1687,31
12,09;1685,05
12,09;1693
12,09;1673,22
12,09;1702,76
12,1;1687,97
12,1;1709,12
12,1;1720,63
12,1;1671,22
12,1;-6,23
12,1;1698,65
12,1;1695,7
12,1;1693,52
12,1;1687,87
12,1;1687,98
12,11;1676,84
12,11;1704,03
12,11;1682,49
12,11;1682,24
12,11;1687,04
12,11;1706,82
12,11;1689,86
12,11;1698,37
12,11;1703,29
12,11;1697,1
12,11;1689,92
12,11;1681,63
12,12;1715,36
12,12;1711,62
12,12;1694,05
12,12;1691,86
12,12;1677,99
12,12;1693,91
12,12;1698,69
12,12;1712,14
12,12;1684,31
12,13;1692,56
12,13;1694,8
12,13;1683,2
12,13;1670,91
12,13;1689,74
12,13;1691,62
12,13;1681,17
12,13;1687,02
12,13;1702,9
12,14;1713,21
12,14;1685,35
12,14;1711,75
12,14;1681,78
12,14;1692,57
12,14;1692,16
12,14;1697,23
12,14;1691,53
12,14;1702,49
12,15;1693,5
12,15;1691,93
12,15;-6,33
12,15;1687,98
12,15;1686,68
12,15;1686,32
12,15;1698,85
12,16;1690,34
12,16;1683,15
12,16;1702,29
12,16;1697,76
12,16;1683,43
12,16;1692,75
12,16;1689,94
12,16;1680,64
12,16;1694,93
12,16;1654,07
12,17;1689,83
12,17;1677,21
12,17;1677,98
12,17;1685,53
12,17;1690,37
12,17;1686,53
12,17;1683,6
12,18;1686,53
12,18;1698,45
12,18;1676,82
12,18;1713,57
12,18;1700,56
12,18;1699,2
12,18;1703,03
12,19;1698,06
12,19;1706,63
12,19;1689,99
12,19;1662,51
12,19;1705,53
12,19;1689,49
12,19;1689,24
12,19;1688,51
12,2;1709,42
12,2;1706,47
12,2;1691,22
12,2;1693,86
12,2;1699,99
12,2;1696,24
12,2;1698,39
12,2;1699,75
12,2;1691,93
12,2;1680,18
12,2;1680,04
12,2;1694,18
12,2;1680,31
12,2;1713,09
12,21;1713,16
12,21;1693,38
12,21;1676,22
12,21;1679,59
12,21;1715,87
12,21;1693,29
12,21;1716,13
12,21;1698,5
12,21;1686,83
12,21;1693,51
12,21;1702,24
12,21;1689,62
12,22;1683,47
12,22;1661,68
12,22;1715,67
12,22;1690,35
12,22;1695
12,22;1680,62
12,22;1688,07
12,22;1694,66
12,22;1694,57
12,23;1682,47
12,23;1701,28
12,23;1698,84
12,23;1697,25
12,23;1691,91
12,23;1706,51
12,23;1703,57
12,23;1684,84
12,23;1686,56
12,23;1681,42
12,23;1716,77
12,24;1700,08
12,24;1670,84
12,24;1697,14
12,24;1702,4
12,24;1692,84
12,24;1700,09
12,24;1695,43
12,24;1700,45
12,24;1681,04
12,24;1697,9
12,24;1697,14
12,24;1696,36
12,24;1697,41
12,25;1687,89
12,25;1684,92
12,25;1685,26
12,25;1697,03
12,25;1681,87
12,25;1679,06
12,25;1687,22
12,25;1710,14
12,25;1685,5
12,25;1683,77
12,25;1715,79
12,25;1689,36
12,25;1689,78
12,26;1683,66
12,27;1711,28
12,27;1710,39
12,27;-5,54
12,27;1690
12,27;1706,51
12,27;1679,62
12,27;1688,75
12,27;1692,11
12,27;1686,91
12,27;1698,04
12,27;1711,29
12,28;1700,24
12,28;1693,79
12,28;1689,62
12,28;1683
12,28;1674,37
12,28;1677,04
12,28;1697,62
12,28;1699,2
12,28;1714,88
12,28;1698,92
12,28;1688,7
12,28;1714,37
12,29;1702,67
12,29;1698,27
12,29;1703,32
12,29;1694,38
12,29;1684,57
12,29;1695,76
12,29;1695,86
12,29;1705,75
12,29;1682,27
12,3;1713,34
12,3;1701,89
12,3;1715,23
12,3;1691,43
12,3;1704,93
12,3;1695,15
12,3;1717,83
12,3;1694,53
12,3;1684,03
12,3;1675,06
12,31;1691,14
12,31;1717,14
12,31;1707,28
12,31;1681,47
12,31;1714,71
12,31;1692,54
12,31;1694,38
12,31;1685,88
12,31;1677,98
12,31;1687,46
12,31;1682,24
12,31;1677,58
12,32;1680,19
12,32;1699,37
12,32;1685,16
12,32;1672,99
12,32;1700,94
12,32;1703,39
12,32;1705,27
12,32;1690,57
12,32;1707,54
12,33;1686,13
12,33;1718,01
12,33;1712,91
12,33;1710,19
12,33;1671,6
12,33;1688,19
12,33;1698,09
12,33;1689,21
12,33;1690,89
12,33;1690,85
12,33;1688,51
12,34;1693,68
12,34;-6,37
12,34;1704,39
12,34;1690,4
12,34;1692,69
12,34;1684,9
12,34;1673,79
12,34;1706,75
12,34;1688,49
12,34;1685,91
12,34;1676,59
12,35;1698,69
12,35;1699,89
12,35;1698,75
12,35;1704,72
12,35;1678,45
12,35;1679,62
12,35;1697,99
12,35;1690,79
12,35;1714,2
12,36;1681,06
12,36;1697,56
12,36;1688,6
12,36;1694,17
12,36;1676,66
12,36;1696,24
12,36;1713,56
12,36;1706,98
12,36;1701,29
12,36;1701,94
12,36;1714,6
12,37;1699,25
12,37;1712,31
12,37;1688,58
12,37;1690,83
12,37;1694,28
12,37;1691,68
12,37;1712,82
12,37;1687,52
12,37;1688,59
12,37;1681,94
12,38;1682,75
12,38;1694,98
12,38;1707,92
12,38;1685,48
12,38;1682,41
12,38;1694,93
12,38;1686,76
12,38;1689,01
12,39;1684,3
12,39;1711,07
12,39;1697,03
12,39;1694,05
12,39;1684,07
12,39;1694,12
12,39;1704,65
12,39;1693,04
12,39;1671,94
12,39;1631,66
12,39;1687,7
12,39;1679,48
12,39;1684,76
12,4;1684,47
12,4;1703,54
12,4;1689,17
12,4;1687,56
12,4;1683,31
12,4;1691,02
12,4;1682,47
12,4;1696,41
12,4;1682,27
12,4;1704,18
12,4;1688,31
12,4;1691,3
12,4;1691,47
12,4;1679,45
12,41;1696,18
12,41;1696,93
12,41;1698,58
12,41;1688,07
12,41;1702,98
12,41;1677,27
12,41;1694,62
12,42;1677,64
12,42;1696,76
12,42;1694,89
12,42;1706,58
12,42;1676,78
12,42;1689,48
12,42;1709,61
12,42;1709,46
12,42;1692,65
12,42;1682,35
12,42;1688,02
12,42;1703,17
12,43;1694,62
12,43;1698,52
12,43;1699,64
12,43;1690,15
12,43;1689,4
12,43;1694,08
12,43;1696,34
12,43;1697,82
12,43;1690,22
12,43;1690,51
12,43;1688,93
12,43;1706,96
12,43;1700,81
12,44;1700,29
12,44;1694,7
12,44;1711,51
12,44;1705,83
12,44;1693,64
12,44;1686,79
12,45;1687,33
12,45;1709,13
12,45;1712,09
12,45;1688,27
12,45;1704,63
12,45;1718,93
12,45;1668,75
12,45;1696,45
12,45;1711,25
12,45;1682,86
12,45;1702,71
12,45;1687,58
12,45;1692,33
12,45;1703,2
12,45;1688,11
12,45;1694,92
12,45;1701,84
12,46;1706,09
12,46;1705,69
12,46;1712,13
12,46;1696,38
12,46;1697,72
12,46;1691,88
12,47;1698,68
12,47;1713,14
12,47;1683,86
12,47;1713,39
12,47;1696,51
12,47;1686,39
12,47;1693,92
12,47;1705,92
12,47;1697,98
12,47;1694,21
12,47;1699,57
12,47;1683,16
12,47;1710,71
12,47;1704,42
12,47;1707,09
12,47;1696,66
12,47;1681,73
12,47;1700,75
12,47;1697,48
12,47;1675,58
12,48;1708,27
12,48;1703,13
12,48;1711,37
12,48;1684,78
12,48;1696,48
12,48;1704,56
12,48;1688,38
12,49;1696,86
12,49;1693,4
12,49;1711,83
12,49;1694,26
12,49;1695,42
12,49;1693,15
12,49;1692,81
12,49;1716,11
12,49;1705,77
12,49;1691,82
12,49;1694,16
12,49;1696,28
12,49;1689,85
12,5;1678,05
12,5;1707,47
12,5;1694,32
12,5;1681,02
12,5;1691,39
12,5;1685,38
12,51;1703,27
12,51;1693,15
12,51;1684,64
12,51;1689,04
12,51;1698,71
12,52;1683,5
12,52;1718,23
12,52;1698,67
12,52;1690,22
12,52;1698,17
12,52;1686,56
12,52;1700,37
12,52;1690,41
12,52;1694,15
12,52;1710,07
12,52;1715,95
12,52;1703,9
12,52;1705,56
12,52;1693,5
12,52;1705,78
12,52;1701,69
12,53;1708,7
12,53;1680,94
12,53;1685,74
12,53;1690,49
12,53;1690,33
12,53;1718,17
12,53;1700,11
12,53;1686,12
12,53;1699,53
12,53;1683,9
12,53;1690,21
12,54;1681,89
12,54;1697,24
12,54;1707,53
12,54;1680,11
12,54;1700,46
12,54;1685,63
12,54;1692,68
12,54;1702,67
12,54;1687,12
12,54;1704,37
12,55;1682,82
12,55;1683,31
12,55;1711,98
12,55;1701,28
12,55;1701,97
12,55;1679,45
12,56;1695,9
12,56;1710,05
12,56;1691,93
12,56;1684,45
12,56;1699,71
12,56;1695,9
12,56;1703,59
12,56;1682,63
12,56;1687,05
12,56;1710,59
12,56;1709,46
12,56;1695,11
12,57;1681,48
12,57;1711,17
12,57;1691,09
12,57;1696,79
12,57;1704,01
12,57;1694,12
12,57;1676,49
12,57;1716,41
12,57;1685,12
12,57;1698,65
12,57;1680,66
12,58;1693,17
12,58;1675,9
12,58;-5,37
12,58;1683,84
12,58;1687,33
12,58;1708
12,58;1686,14
12,58;1680,76
12,59;1706,34
12,59;1712,75
12,59;-5,48
12,59;-5,36
12,59;1682,24
12,59;-5,36
12,59;1689,27
12,59;1705,79
12,59;1692,19
12,59;1704,88
12,59;1701,48
12,6;1685,06
12,6;1695,73
12,6;1689,69
12,6;1694,35
12,6;1699,56
12,6;1700,23
12,6;1678,53
12,61;1676,01
12,61;1713,58
12,61;1686,25
12,61;1708,84
12,61;1691,37
12,61;1689,72
12,61;1689,91
12,61;1700,79
12,61;1690,11
12,61;1705,37
12,61;1709,34
12,62;1694,63
12,62;1711,62
12,62;1707,68
12,62;1700,09
12,62;1709,07
12,62;1692,27
12,62;1705,24
12,62;1701
12,63;1679,69
12,63;1682,79
12,63;1672,51
12,63;1688,45
12,63;1695,95
12,63;1698,56
12,64;1701,46
12,64;1707,98
12,64;1695,12
12,64;1712,28
12,64;1691,95
12,64;1697,7
12,64;1690,67
12,64;1708,81
12,64;1685,14
12,65;1695,56
12,65;1697,1
12,65;1697,5
12,65;1694,71
12,65;1684,55
12,65;1701,42
12,65;1706,19
12,65;1686,06
12,65;1688,37
12,65;1708,67
12,66;1707,68
12,66;1707,45
12,66;1707,44
12,66;1690,15
12,66;1701,77
12,66;1703,27
12,66;1714,02
12,66;1694,28
12,66;1680,83
12,66;1710,78
12,66;1704,94
12,66;1681,14
12,67;1702,15
12,67;1698,88
12,67;1686,87
12,67;1677,65
12,68;1708,6
12,68;1683,33
12,68;1695,36
12,68;1694,86
12,68;1682,78
12,68;1707,62
12,69;1696,41
12,69;1689,22
12,69;1690,18
12,69;1686,81
12,69;1701,87
12,69;1696,62
12,69;1709,32
12,69;1692,88
12,7;1704,83
12,7;1693,22
12,7;1687,59
12,7;1695,63
12,7;1674,95
12,7;1685,34
12,7;1684,03
12,7;1681,45
12,7;1686,44
12,7;1671,68
12,7;1709,87
12,71;1705,58
12,71;1687,22
12,71;1699,42
12,71;1696,98
12,71;1699,23
12,71;1683,86
12,71;1695,23
12,71;1683,84
12,72;1708,94
12,72;1690,29
12,72;1698,36
12,73;1698,16
12,73;1699,96
12,73;-5,51
12,73;1677,67
12,73;1701,36
12,73;1681,61
12,73;1700,62
12,73;1701,08
12,74;1702,51
12,74;1686,1
12,74;1702,69
12,74;1696,18
12,74;1684,63
12,74;1691,79
12,75;1686,01
12,75;1696,73
12,75;1682,44
12,75;1710,16
12,75;1698,31
12,75;1686,47
12,75;1689,43
12,75;1695,28
12,75;1689,86
12,76;1690,79
12,76;1716,72
12,76;1705,34
12,76;1700,12
12,76;1707,68
12,76;1699,02
12,76;1701,38
12,76;1693,32
12,76;1690,75
12,76;1694,18
12,76;1688,57
12,76;1691,86
12,76;1690
12,76;1701,11
12,77;1680,52
12,77;1705,36
12,77;1706,95
12,77;1686,53
12,77;1690,35
12,77;1694,58
12,77;1682,17
12,77;1690,75
12,77;1694,82
12,78;1687,5
12,78;1688,56
12,78;1691,97
12,78;1693,08
12,78;1687,64
12,78;1673,68
12,78;1692,67
12,79;1706,86
12,79;1700,98
12,79;1710,95
12,79;1699,27
12,79;1709,85
12,79;1688,86
12,79;1687,33
12,79;1709,8
12,79;1705,29
12,8;1709,97
12,8;1681,12
12,8;1704,58
12,8;1709,55
12,8;1707,51
12,8;1677,23
12,8;1697,6
12,8;1678,29
12,8;1692,18
12,81;1692,78
12,81;1710,91
12,81;1677,92
12,81;1706,8
12,81;1694,74
12,81;1699,19
12,81;1698,72
12,81;1693,67
12,81;1700,16
12,81;1698,55
12,81;1712,29
12,81;1688,73
12,82;1697,33
12,82;1699,21
12,82;1690,04
12,82;1680,53
12,82;1703,07
12,82;1706,82
12,82;1690,06
12,82;1704,1
12,82;1701,4
12,82;1693,47
12,82;1683,54
12,82;1704,78
12,83;1697,64
12,83;1706,09
12,83;1690,88
12,83;1687,61
12,83;1698,23
12,83;1697,02
12,83;1689,03
12,84;1709,89
12,84;1690,15
12,84;1687,23
12,84;-6,23
12,84;1718,65
12,84;1710,84
12,84;1707,45
12,84;1693,64
12,84;1707,23
12,84;1711,06
12,84;1686,66
12,84;1699,64
12,85;1691,04
12,85;1686,27
12,85;1688,71
12,85;1679,08
12,85;1696,02
12,85;1690,13
12,85;1700,92
12,86;1692,23
12,86;1707,29
12,86;1689,79
12,86;1695,21
12,87;1693,77
12,87;1709,22
12,87;1687,02
12,88;1710,14
12,88;1686,67
12,88;1708,36
12,88;1718,6
12,88;1689,09
12,88;1697,45
12,89;1703,83
12,89;1686,87
12,89;1699,25
12,89;1706,67
12,89;1693,03
12,89;1700,84
12,89;1711,02
12,89;1702,95
12,89;1696,55
12,89;1697,76
12,89;1709,19
12,9;1709,87
12,9;1704,69
12,9;1694,53
12,9;1701,22
12,9;1716,67
12,9;1703,01
12,91;1689,89
12,91;1696,42
12,91;1713,11
12,91;1689,83
12,91;1697,07
12,91;1686,12
12,91;1712,86
12,91;1718,1
12,91;1689,14
12,92;1699
12,92;1694,96
12,92;1698,05
12,92;1690,48
12,92;1696,89
12,92;1696,83
12,92;1697,55
12,92;1688,59
12,93;1695
12,93;1707,14
12,93;1695,15
12,94;1688,62
12,94;1712,38
12,94;1677,81
12,94;1689,91
12,94;1699,85
12,94;1684,57
12,94;1685,14
12,94;1690,48
12,94;1687,32
12,94;1708,67
12,94;1690,53
12,94;1684,83
12,95;1700,35
12,95;1704,44
12,95;1693,12
12,95;1705,48
12,96;1707,54
12,96;1697,07
12,96;1710,97
12,96;1705,24
12,96;1690,39
12,96;1688,97
12,96;1691,93
12,96;1698,68
12,96;1708,67
12,96;1683,44
12,97;1678,05
12,97;1692,87
12,97;1702,56
12,97;1705,86
12,97;1680,62
12,97;1707,74
12,97;1703,11
12,97;1691,82
12,97;1705,56
12,97;1715,98
12,98;1663,38
12,98;1700,28
12,98;1706,22
12,98;1708,12
12,98;1713,81
12,98;1698,56
12,99;1695,01
12,99;1683,31
13;1688,04
13;1695,15
13;1712,66
13;1706,71
13;1712,29
13;1694,19
13;1713,27
13,01;1707,78
13,01;1706,58
13,01;1693,08
13,02;1694,42
13,02;1700,23
13,02;1706,79
13,02;1687,24
13,02;1698,06
13,02;1700,54
13,02;1714,64
13,02;1692,33
13,02;1684,95
13,03;1688,22
13,03;1687,15
13,03;1704,58
13,03;1700,78
13,03;1686,01
13,04;1696,38
13,04;1691,9
13,04;1707,5
13,04;1690,83
13,04;1698,51
13,04;1693,68
13,04;1693,24
13,04;1689,91
13,05;1702,31
13,05;1686,44
13,05;1711,36
13,05;1696,55
13,05;1701,98
13,05;1703,62
13,05;1700,53
13,05;1707,91
13,06;1685,09
13,06;1705,92
13,06;1680,83
13,06;1702,53
13,06;1712,2
13,06;1708,95
13,06;1694,91
13,06;1706,17
13,06;1680,03
13,06;1687,9
13,06;1690,85
13,06;1693,39
13,07;1706,84
13,07;1692,09
13,07;1688,19
13,07;1687,7
13,07;1695,04
13,07;1684,9
13,07;1690,4
13,08;1691,76
13,08;1687,67
13,08;1692,19
13,08;1694,05
13,08;1687,38
13,08;1701,06
13,08;1702,38
13,09;1702,15
13,09;1715,32
13,09;1692,53
13,09;1718,72
13,09;1712,51
13,09;1700,78
13,09;1704,52
13,09;1700,34
13,09;1698,3
13,1;1689,34
13,1;1693,54
13,11;1696,15
13,11;1703,85
13,11;1698,41
13,11;1692,3
13,12;1704,76
13,12;1684,46
13,12;1676
13,12;1708,5
13,12;1693,88
13,12;1710,96
13,12;1704,27
13,12;1702,35
13,12;1691,86
13,12;1716,53
13,12;1711,11
13,13;1683,23
13,13;1705,91
13,13;1683,59
13,13;1709,01
13,13;1688,16
13,14;1688,55
13,15;1702,03
13,15;1682,02
13,15;1711,12
13,16;1690,65
13,16;1709,68
13,16;1704,8
13,16;1692,43
13,16;1704,28
13,16;1697,42
13,16;1691,13
13,16;1704,1
13,16;1707,85
13,17;1700,89
13,17;1693,18
13,17;1685,53
13,17;1698,06
13,17;1703,54
13,17;1695,12
13,18;1709,59
13,18;1700,57
13,18;1687,46
13,18;1693,66
13,18;1705,9
13,18;1701,74
13,18;1713,13
13,19;1684,93
13,19;1688,55
13,19;1698
13,19;1708,57
13,19;1703,89
13,2;1683,87
13,2;1638,34
13,2;1672,18
13,2;1683,96
13,2;1696,61
13,2;1690,07
13,2;1698,27
13,2;1707,4
13,21;1701,29
13,21;1702,54
13,21;1684,25
13,21;1688,49
13,21;1711,59
13,21;1692,3
13,21;1711,81
13,22;1685,31
13,22;1713
13,22;1694,8
13,22;1692,57
13,22;1695,01
13,22;1706,33
13,23;1697,09
13,23;1708,53
13,23;1691,54
13,23;1691,92
13,23;1705,37
13,23;1694,87
13,23;1704,27
13,24;1693,85
13,24;1697,79
13,24;1702,45
13,24;1696,54
13,24;1681,94
13,24;1697,79
13,24;1696,02
13,24;1694,15
13,25;1693,68
13,26;1685,37
13,26;1715,45
13,26;1696,11
13,26;1713,86
13,26;1707,47
13,26;1701,05
13,26;1697,51
13,26;1695,15
13,27;1710,97
13,27;1691,92
13,27;1700,74
13,27;1709,53
13,27;1694,87
13,28;1699,94
13,28;1694,87
13,28;1685,84
13,28;1700,75
13,28;1699,68
13,28;1712,43
13,28;1691,87
13,28;1694,91
13,28;1711,17
13,28;1688,89
13,29;1700,85
13,29;1708,27
13,29;1705,14
13,29;1691,61
13,29;1703,27
13,29;1702,94
13,29;1691,87
13,29;1696,25
13,29;1694,32
13,29;1697,72
13,29;1696,89
13,3;1694,27
13,3;1685,81
13,3;1693,91
13,31;1713,4
13,31;1703,71
13,31;1706,99
13,31;1715,6
13,31;1710,16
13,31;1697,42
13,31;1694,53
13,31;1709,87
13,31;1709,32
13,31;1698,27
13,32;1685,98
13,32;1706,39
13,32;1708,18
13,32;1696,59
13,32;1713,12
13,32;1706,75
13,32;1712,82
13,32;1691,15
13,33;1712,26
13,33;1703,43
13,33;1693,14
13,33;1692,28
13,33;1700,34
13,33;1706,72
13,33;1699,67
13,34;1702,04
13,34;1705,61
13,34;1698,13
13,34;1690,03
13,34;1691,04
13,35;1690,26
13,35;1716,39
13,35;1691,47
13,35;1710,49
13,36;1690,41
13,36;1704,85
13,36;1693,91
13,36;1697,14
13,36;1688,06
13,36;1710,25
13,37;1697,96
13,37;1702,66
13,37;1689,07
13,37;1712,61
13,37;1698,19
13,37;1694,6
13,38;1694,88
13,38;1704,79
13,38;1705,32
13,38;1698,86
13,38;1689,85
13,38;1703,21
13,38;1718,05
13,38;1695,08
13,38;1710,21
13,38;1697,69
13,38;1712,07
13,38;1698,83
13,39;1692,52
13,39;1697,17
13,39;1712,07
13,39;1705,69
13,39;1693,65
13,39;1687,39
13,39;1694,94
13,39;1699,1
13,4;1700,33
13,4;1701,01
13,4;1688,65
13,4;1713,06
13,4;1701,49
13,4;1686,91
13,4;1691,64
13,4;1695,89
13,41;1709,58
13,41;1695,91
13,41;1717,85
13,41;1688,46
13,41;1704,31
13,41;1715,68
13,41;1715,91
13,41;1697,25
13,41;1689,79
13,41;1699,27
13,41;1704,89
13,42;1708,58
13,42;1678,53
13,42;1682,63
13,42;1715,09
13,42;1701,43
13,42;1696,34
13,42;1702,82
13,42;1699,35
13,42;1697,97
13,43;1700,29
13,43;1688,87
13,43;1709,53
13,43;1694,73
13,43;1704,22
13,43;1702,22
13,43;1700,07
13,44;1704,2
13,44;1704,14
13,44;1687,08
13,44;1703,49
13,45;1709,52
13,45;1697,07
13,45;1715,47
13,45;1715,9
13,45;1690,85
13,45;1713,14
13,45;1711,35
13,45;1708,15
13,45;1710,76
13,45;1701,32
13,46;1689,52
13,46;1695,63
13,46;1689,33
13,46;1701,56
13,46;1705,51
13,46;1689,4
13,46;1712,24
13,46;1706,95
13,46;1705,27
13,47;1693,84
13,47;1698,15
13,47;1701,79
13,47;1711,38
13,48;1685,9
13,48;1708,53
13,48;1691,64
13,48;1687,69
13,49;1700,53
13,49;1682,94
13,49;1700,03
13,49;1692,9
13,49;1703,3
13,49;1681,42
13,49;1683,49
13,49;1714,79
13,49;1684,1
13,49;1711,27
13,49;1693,33
13,49;1711,64
13,5;1708,71
13,5;1686,76
13,5;1698,31
13,5;1690,07
13,5;1687,87
13,5;1709,84
13,5;1690,72
13,51;1693,78
13,51;1689,8
13,51;1686,63
13,51;1708,54
13,51;1685,65
13,51;1704,06
13,51;1709,75
13,52;1691,57
13,52;1698,54
13,52;1687,11
13,52;1695,73
13,52;1706,01
13,52;1697,16
13,52;1708,94
13,52;1709,5
13,52;1708,77
13,53;1709,6
13,53;1697,07
13,53;1712,26
13,53;1704,89
13,53;1710,43
13,53;1685,61
13,53;1701,03
13,53;1715,19
13,54;1705,49
13,54;1713,9
13,54;1691,19
13,54;1698,61
13,54;1692,83
13,54;1698,66
13,54;1686,9
13,54;1701,73
13,54;1704,66
13,54;1686,3
13,54;1706,6
13,54;1715,04
13,54;1710,85
13,54;1703,8
13,55;1703,03
13,55;1705,15
13,55;1691,06
13,55;1692,26
13,55;1688,22
13,55;1700,56
13,55;1701,8
13,55;1682,62
13,56;1702,52
13,56;1700,29
13,56;1708,75
13,57;1689,23
13,57;1692,34
13,57;1708,99
13,57;1689,16
13,57;1705,51
13,57;1690,76
13,57;1692,72
13,58;1699,06
13,58;1692,86
13,58;1717,24
13,58;1688,84
13,58;1680,25
13,59;1700,09
13,6;1700,64
13,6;1705,67
13,6;1702,92
13,6;1700,23
13,6;1682,47
13,6;1697,45
13,61;1702,42
13,61;1692,5
13,61;1713,5
13,61;1700,05
13,61;1692,43
13,62;1706,13
13,62;1695,12
13,62;1687,12
13,62;1705,27
13,62;1700,53
13,62;1701,65
13,62;1705,04
13,62;1705,83
13,62;1704,44
13,62;1700,94
13,63;1711,17
13,63;1703,49
13,63;1703,7
13,63;1699,57
13,63;1692,25
13,63;1692,82
13,63;1702,39
13,63;1716,9
13,63;1713,4
13,64;1714,33
13,65;1711,02
13,65;1685,26
13,65;1712,93
13,65;1703,66
13,65;1691,84
13,65;1707,5
13,65;1710,11
13,65;1705,54
13,66;1700,13
13,66;1699,31
13,66;1706,91
13,66;1698,93
13,66;1695,62
13,66;1700,06
13,67;1698,99
13,67;1681,38
13,67;1697,82
13,67;1707,58
13,67;1712,51
13,67;1712,51
13,67;1716,33
13,68;1690,89
13,68;1694,23
13,68;1715,76
13,68;1715,31
13,68;1706,75
13,69;1694,93
13,69;1712,41
13,69;1712,17
13,69;1706,43
13,7;1689,17
13,7;1698,88
13,7;1700,58
13,7;1690,66
13,7;1716,22
13,7;1708,85
13,71;1700,68
13,71;1697,03
13,71;1701,81
13,71;1706,69
13,71;1705,76
13,71;1676,9
13,71;1710,63
13,72;1698,56
13,72;1705,65
13,72;1700,67
13,73;1693,81
13,73;1697,39
13,73;1693,58
13,73;1694,67
13,73;1704,54
13,73;1700,38
13,73;1702,06
13,74;1698,37
13,74;1699,81
13,74;1686,39
13,75;1704,83
13,75;1686,31
13,75;1695,39
13,75;1702,48
13,75;1687,38
13,75;1712,02
13,75;1692,66
13,75;1701,3
13,75;1711,35
13,75;1706,45
13,75;1706,09
13,75;1689,48
13,76;1706,62
13,76;1711,22
13,76;1716,76
13,76;1705,26
13,76;1706,82
13,76;1699,51
13,77;1690,92
13,77;1711,28
13,77;1706,44
13,77;1716,18
13,78;1680,57
13,78;1701,15
13,78;1692,25
13,78;1709,43
13,78;1698,86
13,79;1715,4
13,79;1704,04
13,79;1703,42
13,79;1708,68
13,79;1703,97
13,79;1711,72
13,79;1708
13,79;1684,71
13,8;1699,29
13,8;1694,29
13,8;1689,17
13,8;1696,76
13,8;1698,85
13,8;1689,24
13,8;1697,29
13,81;1705,55
13,81;1714,91
13,81;1710,69
13,81;1699,79
13,81;1701,9
13,81;1698,02
13,81;1697,05
13,81;1689,08
13,81;1696,15
13,81;1695,42
13,82;1700,67
13,82;1706,32
13,82;1694,46
13,82;1706,95
13,82;1711,24
13,83;1704,49
13,83;1710,82
13,83;1707,23
13,83;1696
13,83;1698,01
13,83;1712,31
13,84;1704,11
13,84;1711,64
13,84;1684,71
13,84;1713,78
13,84;1630,31
13,84;1696,14
13,84;1703,59
13,85;1716,09
13,85;1698,42
13,85;1703,37
13,85;1704,17
13,85;1699,64
13,85;1714,04
13,85;1696,09
13,85;1706,1
13,86;1712,8
13,86;1704,57
13,86;1690,04
13,86;1712,2
13,87;1692,82
13,87;1707,67
13,88;1698,42
13,88;1710,09
13,88;1696,59
13,89;1693,28
13,89;1371,23
13,9;1709,82
13,9;1698,37
13,9;1710,58
13,9;1701,18
13,9;1708,91
13,9;1702,85
13,9;1687,27
13,9;1703,14
13,91;1718,86
13,91;1708,32
13,91;1684,4
13,91;1703,84
13,91;1698,64
13,92;1694,56
13,92;1705,31
13,92;1711,98
13,92;1700,66
13,92;1706,42
13,92;1710,76
13,93;1700,21
13,93;1697,96
13,93;1700,22
13,93;1699,79
13,93;1706,46
13,94;1683,06
13,94;1702,53
13,94;1699,52
13,94;1688,71
13,95;1704,24
13,95;1703,47
13,95;1701,87
13,95;1696,8
13,95;1712,07
13,95;1684,14
13,95;1700,77
13,95;1700,92
13,96;1707,57
13,96;1708,67
13,96;1706,99
13,97;1701,95
13,97;1715,98
13,97;1710,56
13,97;1719,04
13,97;1696,1
13,98;1696,72
13,98;1712,36
13,98;1698,8
13,98;1720,24
13,98;1699,61
13,98;1699,3
13,98;1711,44
13,99;1704,18
13,99;1709,66
13,99;1712,07
13,99;1708,09
14;1713,39
14;1696,81
14;1713,03
14;1695,96
14;1689,58
14;1701,24
14;1704,38
14;1706,42
14,01;1704,44
14,01;1691,27
14,01;1696,11
14,01;1705,24
14,01;1713,89
14,02;1702,17
14,02;1695,51
14,02;1716,33
14,02;1714,69
14,02;1702,59
14,02;1697,1
14,02;1699,17
14,02;1715,77
14,02;1707,69
14,03;1697,89
14,03;1705,47
14,03;1699,69
14,03;1692,42
14,03;1708,43
14,03;1714,11
14,03;1700,8
14,03;1690,75
14,03;1691,33
14,03;1693,1
14,03;1713,85
14,04;1697,99
14,04;1715,64
14,04;1704,96
14,04;1686,43
14,04;1703,25
14,05;1692,32
14,05;1707,12
14,05;1710,8
14,05;1704,31
14,05;1713,54
14,06;1711,88
14,06;1695,26
14,06;1702,28
14,06;1698,24
14,07;1701,32
14,07;1690,48
14,07;1708,4
14,07;1703,84
14,07;1693,52
14,08;1701,26
14,08;1703,24
14,09;283,51
14,09;1709,67
14,09;1701,67
14,09;1701,03
14,09;1694,72
14,09;1714,48
14,09;1703,01
14,09;1717,15
14,1;1705,14
14,1;1700,05
14,1;1717,19
14,1;1699,16
14,1;1702,23
14,1;1717,68
14,1;1705,09
14,1;1711,61
14,11;1712,84
14,11;1702,7
14,11;1695,17
14,11;1709,39
14,11;1701,83
14,11;1717,28
14,11;1685,45
14,12;1697,46
14,12;1703,28
14,12;1717,51
14,12;1698,06
14,12;1713,02
14,13;1690,32
14,13;1708,94
14,13;1716,36
14,13;1713,43
14,13;1696,69
14,14;1697,69
14,14;1699,95
14,14;1699,42
14,14;1699,87
14,14;1712,89
14,14;1720,24
14,14;1713,17
14,15;1692,92
14,15;1708,6
14,15;1712,02
14,15;1672,33
14,16;1703,66
14,16;1687,74
14,16;1701,97
14,17;1715,93
14,17;1702,39
14,17;1702,43
14,17;1699,49
14,17;1704,66
14,17;1697,28
14,18;1715,37
14,18;1696,84
14,18;1710,35
14,18;1705,23
14,18;1702,92
14,18;1699,5
14,18;1719,75
14,19;1699,13
14,19;1713,7
14,2;1708,26
14,2;1699,82
14,2;1705,79
14,21;1700,03
14,21;1698,03
14,21;1701,74
14,21;1716,19
14,21;1708,98
14,21;1715,88
14,21;1695,56
14,22;1700,36
14,22;1707,43
14,22;1696,12
14,22;1695,81
14,22;1704,63
14,23;1697,24
14,23;1696,59
14,23;1702,45
14,23;1700,62
14,23;1705,72
14,23;1716,41
14,23;1685,64
14,23;1702,24
14,23;1707,19
14,24;1699,76
14,24;1693,7
14,24;1692
14,24;1707,91
14,24;1695,38
14,25;1706,78
14,25;1701,49
14,25;1708,83
14,25;1711,88
14,25;1700,65
14,25;1699,62
14,25;1705,88
14,25;1706,31
14,26;1710,97
14,26;1712,94
14,26;1689,51
14,26;1708,07
14,27;1700,88
14,27;1707,16
14,27;1695,5
14,27;1698,14
14,27;1699,67
14,27;1704,2
14,27;1706,87
14,27;1711,25
14,28;1706,79
14,28;1702,16
14,28;1714,38
14,28;1709,09
14,3;1700,96
14,3;1699,25
14,3;1702,9
14,3;1720,53
14,3;1714,85
14,31;1703,35
14,31;1707,7
14,31;1700,23
14,31;1701,26
14,31;1693,26
14,31;1711,73
14,32;1696,8
14,32;1698,1
14,32;1709,61
14,32;1697,98
14,33;1713,25
14,33;1714,44
14,33;1699,98
14,34;1709,21
14,34;1707,75
14,34;1696,12
14,34;1703,18
14,34;1718,48
14,35;1689,06
14,35;1691
14,35;1715,47
14,35;1703,37
14,35;1696,62
14,35;1702,18
14,36;1695,08
14,36;1701,03
14,36;1707,02
14,36;1693,84
14,37;1701,04
14,37;1714,88
14,37;1694,34
14,37;1703,59
14,37;1711,56
14,37;1709,42
14,37;1698,41
14,37;1717,66
14,37;1698,07
14,38;1698,92
14,38;1691,92
14,38;1714,29
14,38;1704,14
14,38;1705,37
14,39;1703,38
14,39;1700,12
14,39;1709,63
14,39;1702,5
14,39;1713,94
14,39;1710,46
14,39;1705,11
14,39;1693,45
14,4;1701,77
14,4;1712,51
14,4;1695,16
14,41;1699,52
14,42;1708,6
14,42;1702
14,42;1713,78
14,42;1710,11
14,43;1696,41
14,43;1705
14,43;1705,75
14,43;1718,73
14,43;1692,03
14,43;1709,96
14,43;1713,87
14,43;1705,93
14,43;1707,61
14,44;1712,03
14,44;1707,73
14,44;1700,47
14,45;1709,86
14,45;1699,16
14,45;1702,9
14,46;1703,66
14,46;1691,5
14,46;1704,45
14,46;1709,46
14,46;1701,47
14,47;1713,3
14,47;1708,85
14,47;1705
14,48;1700,09
14,48;1703,26
14,48;1705,65
14,48;1706,88
14,48;1690,38
14,49;1712,22
14,49;1696,9
14,49;1698,45
14,49;1709,48
14,49;1694,88
14,49;1699,65
14,49;1708,36
14,5;1711,74
14,5;1700,25
14,5;1704,07
14,5;1715,04
14,5;1714,17
14,5;1716,75
14,51;1709,39
14,51;1707,26
14,51;1698,26
14,51;1702,29
14,51;1710,94
14,51;1706,64
14,51;1702,32
14,52;1699,97
14,52;1704,38
14,52;1706,29
14,52;1698,28
14,53;1704,24
14,53;1697,17
14,53;1692,33
14,53;1712,85
14,53;1707,2
14,53;1698,29
14,53;1712,81
14,54;1704,15
14,54;1707,66
14,54;1713,34
14,54;1704,6
14,54;1700,4
14,55;1711,5
14,55;1702,92
14,55;1686,47
14,55;1705,05
14,56;1705,5
14,56;1713,63
14,56;1702,7
14,56;1710,52
14,57;1710,43
14,57;1713,37
14,57;1691,25
14,58;1710,93
14,58;1713,54
14,58;1693,49
14,58;1713,32
14,59;1694,74
14,59;1686,92
14,59;1709,15
14,59;1695,78
14,59;1703,56
14,59;1715,26
14,59;1713,89
14,6;1699,23
14,6;1705,9
14,6;1709,33
14,6;1713,43
14,6;1716,92
14,61;1699,38
14,61;1694,42
14,61;1714,95
14,61;1697,1
14,61;1708,15
14,61;1700,53
14,61;1703,78
14,61;1705,34
14,62;1700,57
14,62;1702,35
14,62;1704,72
14,62;1704,22
14,62;1706,89
14,62;1698,04
14,62;1700,43
14,62;1699,27
14,62;1710,92
14,63;1706,8
14,63;1702,28
14,63;1698,23
14,63;1698,36
14,63;1699,24
14,64;1695,66
14,64;1706,38
14,64;1695,99
14,64;1705,61
14,65;1708,93
14,65;1695,97
14,65;1705,51
14,65;1695,53
14,65;1706,9
14,66;1696,97
14,66;1694,45
14,67;1695,57
14,67;1693,55
14,68;1700,38
14,68;1701,05
14,69;1707,08
14,69;1718,17
14,69;1698,48
14,7;1713,58
14,7;1695,29
14,7;1699,63
14,7;1698,82
14,71;1707,34
14,71;1695,85
14,71;1713,01
14,71;1701,8
14,71;1717,42
14,72;1715,68
14,72;1711,55
14,73;1702,25
14,73;1709,02
14,73;1710,45
14,74;1692,2
14,74;1700,73
14,74;1697,58
14,75;1705,55
14,75;1715,6
14,75;1688,49
14,75;1703,01
14,75;1696,92
14,75;1706,32
14,76;1708,12
14,76;1703,67
14,76;1711,33
14,76;1697,21
14,77;1688,85
14,77;1708,69
14,77;1717,56
14,77;1698,7
14,77;1707,06
14,77;1712,7
14,78;1703,9
14,78;1707,45
14,78;1704,96
14,78;1700,21
14,78;1700,06
14,78;1696,03
14,78;1700,77
14,78;1708,47
14,79;1707,77
14,8;1698,78
14,8;1705,06
14,8;1714,42
14,81;1713,35
14,81;1710,56
14,81;1696,62
14,81;1704,33
14,81;1698,82
14,82;1700,74
14,82;1707,26
14,82;1708,92
14,82;1716,07
14,82;1708,11
14,83;1708,76
14,83;1698,34
14,83;1707,03
14,84;1702,17
14,84;1712,99
14,84;1709,08
14,85;1712,35
14,85;1709,62
14,85;1718,03
14,85;1703,06
14,86;1707,73
14,86;1701,11
14,86;1710,83
14,86;1707,14
14,86;1710,24
14,86;1695,36
14,86;1706,98
14,86;1699,18
14,87;1705,53
14,87;1709,33
14,88;1695,52
14,88;1708,88
14,89;1680,69
14,89;1701,42
14,89;1711,63
14,9;1712,9
14,9;1701,54
14,9;1700,28
14,9;1702,04
14,9;1709,66
14,91;1709,29
14,91;1710,21
14,91;1697,91
14,91;1706,18
14,91;1714,54
14,92;1708,08
14,92;1694,59
14,93;1701,22
14,93;1709,6
14,93;1711
14,94;1709,07
14,95;1689,79
14,95;1711,89
14,96;1712,31
14,96;1713,23
14,96;1709,1
14,96;1703,12
14,97;1702,59
14,98;1702,77
14,98;1708,17
14,99;1700,81
14,99;1691,89
14,99;1700,27
15;1707,26
15;1700,65
15,01;1703,59
15,01;1702,72
15,01;1705,5
15,01;1711,35
15,02;1698,82
15,02;1705,43
15,02;1714,5
15,03;1713,18
15,03;1708,53
15,03;1704,96
15,03;1703,31
15,03;1710,59
15,03;1708,17
15,04;1704,69
15,04;1706,23
15,04;1713,79
15,05;1702,04
15,05;1715,98
15,05;1700,98
15,05;1710,66
15,05;1707,22
15,06;1699,74
15,06;1702,56
15,06;1709,36
15,07;1710,22
15,07;1715,92
15,07;1714,78
15,07;1712,1
15,07;1708,15
15,07;1706,09
15,08;1703,56
15,08;1704,82
15,08;1711,66
15,08;1712,49
15,09;1714,6
15,09;1720,28
15,09;1710,48
15,09;1707,77
15,1;1700,29
15,1;1708,84
15,1;1694,6
15,1;1706,6
15,1;1707,85
15,1;1701,43
15,11;1717,04
15,12;1715,18
15,12;1717,89
15,12;1699,99
15,12;1709,11
15,13;1708,57
15,13;1715,89
15,13;1701,9
15,13;1721,1
15,13;1705,08
15,13;1700,85
15,14;1706,48
15,14;1711,84
15,14;1707,75
15,14;1695,45
15,15;1703,57
15,15;1706,82
15,15;1700,19
15,15;1704,42
15,16;1701,19
15,16;1712,45
15,17;1715,87
15,17;1715,25
15,18;1708,05
15,18;1695,93
15,18;1716,56
15,18;1708,72
15,18;1707,48
15,18;1697,67
15,19;1708,6
15,19;1699,63
15,2;1703,02
15,2;1700,08
15,2;1702,31
15,21;1713,23
15,22;1706,76
15,22;1700,89
15,22;1701,39
15,22;1707,3
15,23;1705,08
15,24;1701,14
15,25;1706,71
15,25;1694,46
15,25;1707,07
15,25;1703,97
15,26;1592,33
15,26;1707,91
15,26;1712,47
15,27;1712,79
15,27;1714,4
15,27;1710,28
15,27;1701,48
15,27;1703,18
15,27;1695,56
15,27;1707,19
15,28;1714,47
15,29;1698,11
15,29;1711,58
15,29;1709,27
15,29;1702,58
15,3;1708,85
15,3;1691,06
15,3;1705,33
15,3;1703,83
15,3;1715,36
15,3;1712,55
15,3;1710,72
15,31;1706,79
15,31;1701,81
15,32;1710,28
15,32;1703,88
15,32;1712,88
15,32;1710,57
15,33;1709,09
15,33;1703,49
15,33;1694,01
15,33;1710,11
15,33;1709,1
15,34;1714,4
15,34;1705,19
15,34;1710,04
15,35;1706,99
15,35;1712,16
15,36;1716,42
15,37;1712,46
15,37;1713,34
15,37;1707,51
15,37;1711,98
15,37;1711,83
15,38;1705,15
15,38;1709,63
15,38;1702,39
15,38;1705,97
15,39;1703,07
15,39;1716,47
15,39;1710,37
15,39;1691,82
15,39;1711,29
15,4;1709,99
15,41;1708,11
15,41;1705,07
15,42;1714,41
15,42;1704,58
15,42;1712,71
15,42;1707,21
15,43;1697,65
15,44;1717,71
15,44;1707,02
15,44;1687,13
15,45;1707,41
15,45;1712,05
15,45;1700,33
15,45;1709,07
15,47;1703,3
15,48;1712,93
15,48;1708,5
15,48;1713,35
15,48;1701,3
15,48;1693,29
15,48;1715,5
15,49;1710,99
15,49;1706,95
15,49;1706,41
15,49;1714,3
15,5;1708,95
15,5;1709,22
15,5;1710,97
15,5;1711,62
15,51;1702,17
15,51;1709,26
15,52;1696,9
15,52;1704,15
15,53;1712,34
15,53;1707,16
15,53;1709,69
15,54;1713,37
15,54;1708,46
15,54;1702,33
15,55;1714,8
15,55;1705,65
15,56;1712,51
15,56;1712,48
15,56;1708,63
15,57;1714,45
15,57;1708,03
15,57;1694,73
15,57;1707,58
15,57;1696,31
15,57;1697,77
15,58;1709,9
15,58;1696,14
15,58;1711,41
15,59;1707,39
15,59;1710,37
15,59;1709,27
15,59;1706,09
15,59;1710,59
15,59;1711,93
15,59;1713,07
15,6;1715,53
15,61;1709,7
15,61;1716,31
15,61;1701,63
15,62;1714,57
15,62;1710,59
15,63;1701,76
15,63;1717,72
15,63;1703,07
15,63;1712,76
15,63;1712,6
15,63;1702,58
15,64;1714,57
15,64;1704,38
15,65;1712,27
15,65;1713,03
15,65;1708,27
15,65;1715,29
15,66;1705,59
15,67;1710,81
15,67;1707,59
15,67;1709,35
15,67;1702,66
15,67;1700,91
15,67;1714,71
15,67;1712,22
15,67;1697,52
15,68;1716,63
15,68;1703,33
15,68;1698,95
15,68;1700,07
15,69;1713,23
15,69;1704,93
15,69;1704,83
15,7;1715,01
15,72;1711,46
15,72;1711,17
15,73;1715,73
15,73;1695,37
15,73;1711,08
15,74;1716,77
15,75;1715,19
15,75;1711,55
15,75;1708,16
15,75;1707,1
15,75;1701,36
15,76;1712,7
15,77;1707,12
15,77;1704,65
15,78;1697,95
15,78;1710,69
15,78;1706,17
15,78;1699,05
15,78;1713,23
15,78;1699,47
15,79;1707,78
15,79;1698,16
15,8;1711,83
15,8;1710,73
15,8;1710,57
15,81;1711,43
15,82;1707,82
15,82;1716,34
15,84;1708,63
15,85;1708,32
15,85;1704,98
15,85;1710,56
15,86;1714,01
15,86;1704,76
15,87;1714,96
15,87;1715,96
15,87;1712,48
15,87;1713,2
15,88;1705,68
15,89;1716,17
15,9;1704,8
15,9;1705,08
15,91;1713,37
15,91;1712,44
15,91;1698,83
15,92;1709,62
15,92;1711,07
15,93;1708,86
15,94;1713,91
15,94;1700,63
15,94;1699,23
15,94;1708,7
15,94;1705,07
15,95;1717,02
15,95;1709,2
15,95;1714,6
15,96;1704,85
15,96;1711,52
15,97;1700,84
15,98;1705,01
15,98;1713,64
15,99;1709,47
16;1708,12
16,01;1703,5
16,01;1707,38
16,01;1700,06
16,01;1706,01
16,04;1705,48
16,04;1709,46
16,04;1711,43
16,05;1715,25
16,05;1712,16
16,05;1714,9
16,06;1701,28
16,06;1714,44
16,06;1712,61
16,07;1712,09
16,07;1710,17
16,09;1714,59
16,09;1712,07
16,09;1711,13
16,09;1713,13
16,09;1717,32
16,09;1714,19
16,1;1710,43
16,1;1708,83
16,11;1705,79
16,12;1713,47
16,12;1710,6
16,13;1718,3
16,13;1708,47
16,13;1710,49
16,14;1705,48
16,15;1711,51
16,16;1709,42
16,17;1717,25
16,18;1710,82
16,19;1708,73
16,19;1710,16
16,19;1706,89
16,2;1708,06
16,2;1692,19
16,2;1694,37
16,21;1713,33
16,21;1717,3
16,21;1717,65
16,21;1704,57
16,22;1713,73
16,23;1707,72
16,23;1708,21
16,23;1691,85
16,25;1708,66
16,26;1705,85
16,26;1714,05
16,26;1714,89
16,27;1693,48
16,29;1717,29
16,29;1711,04
16,3;1707,94
16,3;1716,67
16,31;1697,99
16,31;1714,71
16,32;1712,51
16,33;1704,95
16,33;1712,02
16,34;1713,76
16,35;1712,07
16,35;1711,52
16,35;1712,14
16,35;1709,31
16,35;1716,56
16,36;1718,37
16,36;1711,11
16,36;1715,26
16,37;1712,69
16,37;1715,07
16,37;1712,72
16,38;1716,05
16,39;1702,1
16,39;1705,13
16,39;1696,15
16,4;1703,66
16,41;1714,56
16,43;1714,91
16,43;1706,1
16,46;1715,8
16,47;1713,97
16,47;1713,13
16,47;1706,51
16,47;1709,08
16,47;1704,21
16,48;1712,38
16,48;1700,98
16,49;1708,79
16,5;1714,83
16,51;1710,56
16,51;1709
16,52;1705,2
16,54;1711,96
16,55;1710,42
16,55;1716,27
16,56;1711,45
16,56;1713,2
16,57;1717,7
16,57;1705,56
16,58;1711,46
16,58;1710,29
16,59;1714,73
16,59;1712,31
16,64;1713,14
16,64;1713,82
16,64;1697,72
16,66;1714,47
16,68;1703,37
16,68;1717,17
16,68;1713,56
16,69;1717,33
16,69;1717,87
16,69;1714,51
16,72;1704,4
16,72;1714,53
16,74;1719,65
16,76;1715,27
16,8;1714,89
16,82;1707,11
16,86;1710,46
16,87;1712,48
16,89;1712,76
16,89;1696,66
16,9;1709,18
16,91;1706
16,95;1713,41
16,98;1697,29
17,03;1710,23
17,05;1714,3
17,06;1712,26
17,07;1704,04
17,08;1708,89
17,1;1711,92
17,11;1704,23
17,14;1714,1
17,18;1715,74
17,19;1712,58
17,26;1711,72
17,26;1715,55
17,32;1709,78
17,33;1711,37
17,39;1711,72
17,44;1714,01
17,52;1708,86
17,56;1714,44
17,59;1702,84
17,61;1713,85
17,63;1714,76
17,81;1713,06
18,05;1711,91
18,13;1714,91
18,31;1713,71
18,37;1698,41
18,91;1697,68
18,93;1702,86