Velocidade do vento (m/s);Potência (kWh)
0,66;-6,37
0,67;-5,93
0,72;-6,97
0,73;-8,36
0,87;-5,81
0,89;-6,83
0,97;-6,28
0,97;-6,82
0,99;-7,2
1,04;-6,86
1,05;-5,96
1,11;-10,16
1,11;-6,22
1,15;-5,96
1,18;-7,14
1,25;-7,84
1,27;-6,74
1,34;-7,33
1,35;-7,43
1,36;-7,04
1,43;-6,08
1,45;-6,55
1,46;-5,92
1,47;-9,67
1,47;-10,59
1,48;-8
1,5;-7,74
1,52;-6,57
1,55;-7,86
1,57;-6,52
1,58;-7,02
1,6;-5,95
1,65;-6,73
1,66;-6,49
1,74;-7,18
1,75;-6,61
1,8;-7,43
1,8;-8,59
1,81;-6,61
1,81;-6,69
1,84;-7,89
1,85;-6,9
1,85;-6,96
1,86;-6,41
1,87;-8,89
1,87;-9,56
1,88;-8,84
1,89;-6,77
1,89;-6,09
1,92;-10,03
1,92;-7,04
1,95;-10,51
1,96;-9,6
1,97;-9,81
1,97;-5,64
1,97;-9,56
1,98;-7,07
1,99;-9,92
2;-11,63
2,01;-10,11
2,01;-7
2,02;-9,66
2,05;-7,09
2,07;-7,57
2,08;-9,32
2,08;-9,77
2,09;-6,81
2,1;-6,84
2,11;-6,36
2,12;-9,66
2,14;-6,93
2,14;-6,03
2,15;-7,43
2,15;-5,56
2,16;-8,98
2,18;-6,98
2,18;-9,8
2,2;-10,06
2,2;-7,96
2,2;-10,86
2,2;23,78
2,2;-10,38
2,2;-9,61
2,21;-8,95
2,21;-5,77
2,21;-9,42
2,22;-8,38
2,23;-9,97
2,24;-5,85
2,28;-10,11
2,28;-7,25
2,29;-7,2
2,3;-7,09
2,31;-8,7
2,33;-10,07
2,33;-6,4
2,35;-10,08
2,35;-7,82
2,36;-9,73
2,38;-10,52
2,39;-6,52
2,4;-7,97
2,4;-11,02
2,41;-9,9
2,42;-2,92
2,43;-5,92
2,44;-10,02
2,44;-6,33
2,44;-5,68
2,44;-5,89
2,45;-9,37
2,45;-8,99
2,46;-5,37
2,46;-8,29
2,47;-7,62
2,47;-10,17
2,47;3,17
2,49;-6,37
2,49;-6,01
2,49;-8,75
2,5;-10,38
2,51;-6,89
2,51;-8,9
2,52;-6,23
2,53;32,89
2,59;8,32
2,59;-5,6
2,6;10,38
2,6;12,82
2,6;-4,18
2,63;-5,51
2,63;-6,54
2,64;-5,57
2,65;-5,44
2,66;-9,33
2,67;5,33
2,68;-7,13
2,68;-6,64
2,7;-7,91
2,7;-8,79
2,71;10,83
2,72;-9,9
2,72;-5,37
2,75;-2,93
2,75;-7,86
2,77;-1,66
2,77;-4,92
2,78;6,06
2,81;2,11
2,81;-6,81
2,81;4,56
2,81;7,64
2,82;-9,66
2,84;-5,84
2,84;-9,13
2,84;14,17
2,85;-0,18
2,85;12,92
2,87;-7,47
2,89;24,46
2,89;57,93
2,89;-6,85
2,89;47,09
2,9;3,05
2,93;11,93
2,94;0,76
2,95;-3,27
2,95;-5,62
2,96;17,82
2,97;11,03
2,97;10,07
2,97;10,6
2,97;21,91
2,97;16,13
2,98;-7,3
2,99;-7,95
3,02;-5,75
3,03;-6,93
3,03;-9,8
3,03;-9,72
3,04;18,34
3,05;14,1
3,05;18,72
3,05;17,62
3,06;-8,39
3,06;9,63
3,08;-13,05
3,09;8,1
3,1;21,05
3,12;-1,86
3,12;23,63
3,13;-6,95
3,13;-5,29
3,14;19,65
3,14;32,58
3,15;16,66
3,16;-10
3,16;-10,28
3,17;-6,02
3,18;34,24
3,18;20,02
3,19;17,33
3,2;27,68
3,22;-7,93
3,22;24,94
3,22;18,31
3,24;24,86
3,24;33,01
3,24;-3,09
3,24;30,26
3,25;-7,32
3,26;-6,99
3,27;-5,96
3,28;36,55
3,29;24,56
3,3;4,99
3,32;32,64
3,32;33,68
3,32;-6,82
3,33;26,85
3,33;33,03
3,34;30,66
3,34;20,83
3,34;18,24
3,36;-4,38
3,36;23,98
3,37;41,25
3,38;25,63
3,38;48,26
3,39;45,34
3,41;31,1
3,41;31,91
3,42;21,26
3,42;32,67
3,42;30,68
3,43;39,89
3,45;6,37
3,46;36,79
3,46;38
3,46;-6,54
3,47;35,5
3,47;38,07
3,47;36,53
3,47;-4,92
3,47;48,46
3,48;44,35
3,48;54,8
3,48;-2,67
3,49;57,43
3,5;56,38
3,5;45,67
3,51;48,85
3,51;55,98
3,51;17,84
3,52;41,96
3,52;59,61
3,52;24,72
3,53;39,8
3,54;41,6
3,54;-8,43
3,57;37,77
3,57;52,55
3,58;41,06
3,58;41,14
3,58;46,8
3,58;-0,32
3,59;64,98
3,59;28,85
3,61;51,23
3,61;29,87
3,62;42,27
3,64;68,7
3,64;76,87
3,65;31,77
3,65;38,44
3,66;48,41
3,66;52,64
3,66;43,12
3,67;22,6
3,67;50,34
3,67;88,25
3,69;48,68
3,69;63,69
3,7;34,96
3,7;33,91
3,7;70,34
3,7;-4,43
3,71;49,5
3,71;65
3,71;57,57
3,72;58,05
3,73;51,33
3,74;49,13
3,74;60,14
3,74;58,63
3,74;-6,79
3,75;75,52
3,75;71,28
3,76;59,07
3,76;6,74
3,77;-7,53
3,77;43,04
3,79;66,78
3,79;-5,98
3,81;69,56
3,82;87,2
3,82;86,23
3,83;76,8
3,83;69,59
3,83;73,09
3,84;72,59
3,84;72,03
3,84;54,74
3,85;77,92
3,86;77,16
3,86;68,64
3,87;46,92
3,88;79,76
3,88;90,7
3,88;35,83
3,89;74,5
3,9;76,72
3,9;143,46
3,9;85,41
3,9;-5,7
3,9;36,22
3,91;86,79
3,91;-6,16
3,91;68,17
3,92;48,21
3,92;65,47
3,92;53,32
3,93;77,28
3,94;81,55
3,95;108,24
3,95;-6,73
3,96;74,54
3,96;90,86
3,97;83,11
3,97;-6,75
3,97;-7,89
3,98;-2,6
3,99;60,5
3,99;96,74
3,99;-5,99
3,99;74,54
4;86,17
4;79,83
4,01;106,12
4,01;58,92
4,01;-9,57
4,02;81,71
4,03;68,93
4,03;-5,98
4,04;117,7
4,04;27,89
4,05;70,24
4,06;68,34
4,06;115,97
4,06;-5,77
4,06;81,05
4,07;84,8
4,07;70,28
4,07;-3,09
4,08;107,25
4,08;58,16
4,09;64,17
4,11;86,2
4,11;84,13
4,12;61,36
4,12;118,2
4,12;107,9
4,12;84,99
4,12;81,36
4,13;72,14
4,14;90,01
4,15;101,42
4,16;121,64
4,16;75,4
4,16;106,17
4,16;-5,17
4,16;71,87
4,17;100,99
4,18;116,43
4,18;113,29
4,18;112,86
4,19;107,19
4,2;-5,85
4,2;118,53
4,2;100,35
4,2;94,1
4,21;110,27
4,21;108,54
4,21;73,83
4,22;87,93
4,22;91,58
4,22;-6,03
4,22;84,8
4,22;81,54
4,23;113,28
4,23;115,73
4,23;101,58
4,23;83,92
4,24;7,58
4,25;101,94
4,25;37,28
4,26;97,67
4,27;92,99
4,27;95,3
4,27;114,9
4,28;-5,26
4,29;112,16
4,29;-5,78
4,29;96,78
4,3;96,37
4,3;120,15
4,3;-6,85
4,3;100,35
4,3;97,88
4,31;115,31
4,31;13,21
4,31;-6,06
4,31;-5,99
4,31;91,82
4,32;98,43
4,32;123,48
4,32;-5,98
4,32;0,25
4,33;94,19
4,33;-8,75
4,34;86,44
4,34;130,01
4,34;-6,87
4,34;95,68
4,35;-5,39
4,35;113,68
4,35;-6,94
4,36;1,84
4,36;106,35
4,36;136,87
4,36;95,44
4,36;93,32
4,36;-5,85
4,37;117,3
4,37;-1,86
4,39;-5,76
4,39;109,2
4,39;140,59
4,39;127,5
4,39;-6,63
4,39;-8,01
4,39;106,62
4,4;108,49
4,4;113,05
4,4;137,53
4,4;113,66
4,4;107,11
4,41;120,21
4,41;129,58
4,41;123,8
4,41;-0,81
4,42;-5,39
4,42;112,01
4,42;121,55
4,42;132,88
4,43;-5,86
4,43;106,11
4,43;119,41
4,43;116,38
4,44;139,14
4,44;121,45
4,44;140,37
4,45;126,94
4,45;114,52
4,45;-5,72
4,46;-5,78
4,46;147,95
4,46;115,45
4,46;-6,7
4,46;130
4,47;-6,14
4,47;-5,36
4,47;115,02
4,48;132,29
4,48;135,32
4,48;112,35
4,48;138,1
4,49;127,11
4,49;-5,91
4,49;-5,99
4,49;142,91
4,5;134,33
4,5;133,81
4,5;136,19
4,5;109,41
4,51;151,32
4,51;145,79
4,51;151,22
4,52;145,27
4,52;110,71
4,52;121,42
4,53;132,8
4,53;117,18
4,53;152,51
4,54;132,61
4,54;137,79
4,54;135,34
4,55;106,35
4,55;162,76
4,56;124,21
4,56;125,04
4,56;145,09
4,56;-6,95
4,57;153,96
4,57;118,04
4,57;153,02
4,58;141,15
4,58;126,46
4,58;11,24
4,58;107,4
4,58;117,71
4,58;99,38
4,59;167,54
4,59;154,37
4,59;-6,83
4,59;-5,78
4,59;-6,68
4,59;126,23
4,6;-6,16
4,6;124,96
4,6;160,33
4,61;149,79
4,61;135,65
4,61;156,4
4,61;160,29
4,61;154,61
4,61;131,58
4,61;141,18
4,61;144,22
4,61;146,36
4,62;141,88
4,63;134,38
4,63;145,84
4,63;162,16
4,63;151,97
4,64;-6,58
4,64;168,52
4,64;115,62
4,65;-5,82
4,65;139,03
4,65;168,74
4,65;154,3
4,65;160,55
4,65;157,84
4,65;-5,99
4,65;144,79
4,67;174,95
4,67;142,77
4,68;-5,75
4,68;-5,56
4,68;96,13
4,68;133,64
4,69;171,62
4,69;162,04
4,69;163,54
4,69;154,92
4,69;-5,73
4,7;183,34
4,7;198,79
4,7;140,89
4,7;127,72
4,71;-5,77
4,71;-5,39
4,71;155,62
4,71;189,47
4,71;-2,61
4,72;177,81
4,72;160,76
4,72;-7,17
4,72;144,91
4,73;173,46
4,73;135,74
4,74;163,67
4,74;198,03
4,74;178,76
4,74;151,57
4,74;-6,34
4,74;133,61
4,75;155,47
4,75;-7,2
4,75;-5,69
4,76;178,5
4,76;182,35
4,76;-6,12
4,76;-5,99
4,77;174,42
4,77;196,21
4,77;171,33
4,77;192,14
4,78;219,92
4,78;131,84
4,78;-5,84
4,79;-5,82
4,79;169,53
4,79;184,86
4,79;146,53
4,79;145,84
4,79;-6,58
4,8;135,49
4,8;173,29
4,8;171,36
4,8;192,68
4,8;160,55
4,8;166,47
4,8;142,76
4,8;-11,38
4,8;-6,17
4,8;149,32
4,8;176,5
4,81;-7,33
4,81;187,7
4,81;164,23
4,82;-5,44
4,82;139,06
4,82;134,63
4,82;143,46
4,82;189,21
4,82;78,92
4,83;172,27
4,83;167,32
4,84;163,95
4,84;199,68
4,84;-8,23
4,84;148,14
4,85;-5,99
4,85;154,82
4,85;147,4
4,86;156,5
4,86;201,81
4,86;210,83
4,86;191,84
4,86;-6,23
4,86;-7,28
4,86;155,77
4,87;172,41
4,87;149,14
4,87;-6,48
4,87;163,26
4,88;187,28
4,88;173,84
4,88;180,86
4,88;179,42
4,88;151,43
4,88;148,74
4,89;209,56
4,89;-6,79
4,89;195,14
4,9;223,23
4,9;148,91
4,9;182,99
4,9;-8,26
4,91;204,95
4,91;209,32
4,91;158,7
4,91;176,06
4,91;178,3
4,91;180,09
4,92;191,44
4,92;-7,87
4,92;153,31
4,92;154,23
4,92;160,15
4,93;204,44
4,93;186,35
4,93;219,37
4,93;169,68
4,93;-8,75
4,93;175,89
4,94;-5,51
4,94;233,08
4,94;192,24
4,94;177,97
4,95;151,39
4,95;142,98
4,95;201,63
4,95;170,84
4,95;209,14
4,95;-6,74
4,95;191,53
4,95;168,16
4,96;-5,93
4,96;178,64
4,96;183,86
4,96;171,67
4,97;199,41
4,97;196,12
4,97;159,49
4,97;167,79
4,97;188,11
4,98;-5,8
4,98;161,31
4,98;173,72
4,98;227,99
4,98;212,05
4,98;189,31
4,98;170,13
4,98;188,97
4,98;196,49
4,99;-5,81
4,99;-6,28
4,99;227,62
4,99;235,54
4,99;199,64
5;200,77
5;214,59
5;180,67
5;223,49
5;194,6
5;169,72
5,01;196,63
5,01;169,06
5,01;166,38
5,01;169,82
5,01;224,01
5,01;185,28
5,01;-10,14
5,02;182,62
5,02;162,47
5,02;210,63
5,02;208,64
5,03;-5,41
5,03;211,4
5,03;199,2
5,03;243,99
5,03;175,65
5,03;186,23
5,03;187,86
5,04;225,7
5,05;184,54
5,05;180,26
5,05;221,12
5,05;179,54
5,05;204,28
5,06;-5,54
5,06;205,19
5,06;227,77
5,07;172,71
5,07;198,37
5,07;213,99
5,07;204,42
5,07;191,88
5,07;184,24
5,07;203,57
5,07;191,7
5,08;-5,89
5,08;169,12
5,08;197,38
5,08;184,65
5,09;129,9
5,09;230,29
5,09;217,15
5,09;236,64
5,09;228,99
5,1;162,03
5,1;246,63
5,1;183,92
5,1;178,18
5,1;219,33
5,1;172,32
5,1;239,53
5,1;213,86
5,1;200,19
5,1;210,59
5,1;199,79
5,1;197,88
5,11;-5,93
5,11;211,96
5,11;214,16
5,11;242,62
5,11;216,92
5,11;176,16
5,11;207,23
5,11;201,26
5,11;169
5,11;211,65
5,11;223,23
5,11;179,18
5,12;225,54
5,12;183,89
5,12;259,09
5,12;204,34
5,12;183,82
5,13;231,1
5,13;-10,4
5,14;191,85
5,14;209,4
5,14;174,9
5,14;217,88
5,14;193,86
5,15;-6,03
5,15;210,66
5,15;252,86
5,15;196,11
5,15;184,61
5,15;224,77
5,16;198,65
5,16;222,39
5,16;247,97
5,17;207,79
5,17;216,13
5,17;202,15
5,17;189,38
5,17;171,94
5,17;194,45
5,17;254,42
5,18;206,85
5,18;231,43
5,18;241,77
5,18;205,69
5,18;206,06
5,19;-5,85
5,19;187,37
5,19;243,06
5,19;269,79
5,19;223,27
5,19;257,56
5,19;184,11
5,2;267,23
5,2;223,2
5,2;192,14
5,2;210,76
5,21;202,87
5,21;217,77
5,21;260,81
5,21;238,73
5,21;219,04
5,22;191,07
5,22;209,4
5,22;246,12
5,22;263,01
5,22;203,42
5,22;247,42
5,22;208,15
5,22;216,92
5,23;235,6
5,23;264,2
5,23;244,38
5,23;212,45
5,23;230,11
5,24;232,71
5,24;202,73
5,24;220,18
5,24;254,6
5,24;232,23
5,25;193,72
5,25;217,99
5,25;238,64
5,25;196,69
5,25;203,26
5,26;-6,01
5,26;266,73
5,26;225,51
5,26;271,95
5,26;184,39
5,26;218,41
5,27;245,45
5,27;251,06
5,27;208,12
5,27;259,62
5,27;242,42
5,27;248,67
5,27;224,39
5,27;248,66
5,27;224,71
5,27;-6,95
5,27;207,79
5,27;192,23
5,28;-5,59
5,28;240,4
5,28;206,49
5,28;272,38
5,28;240,81
5,28;228,27
5,28;213,96
5,29;228,23
5,29;228,48
5,29;221,04
5,29;255,51
5,29;223,37
5,29;254,93
5,29;242,79
5,29;234,13
5,29;227,34
5,29;235,85
5,3;252,42
5,3;294,02
5,3;270,46
5,3;212,48
5,31;240,79
5,31;191,17
5,31;223,76
5,31;238,24
5,31;227,52
5,31;215,56
5,31;209,75
5,31;262,97
5,31;232,11
5,31;221,61
5,31;199,54
5,32;221,58
5,32;216,5
5,32;252,06
5,32;277,42
5,32;253,67
5,33;259,71
5,33;290,58
5,33;402,37
5,33;273,48
5,33;219,1
5,33;237,13
5,34;180,16
5,34;293,38
5,34;229,22
5,34;202,45
5,34;210,75
5,34;212,35
5,34;245,11
5,34;206,97
5,35;226,81
5,35;276,52
5,35;277,75
5,35;131,25
5,35;228,57
5,35;215,86
5,35;272,58
5,35;217,52
5,35;221,93
5,36;263,12
5,36;253,8
5,36;251,77
5,36;261,53
5,36;214,32
5,37;278,63
5,37;246,52
5,37;229,48
5,37;229,14
5,37;259,8
5,37;220,87
5,37;293,52
5,37;263,23
5,37;240,82
5,37;275,17
5,37;246,44
5,37;240,09
5,38;265
5,38;291,69
5,38;262,05
5,38;260,84
5,38;-6,07
5,38;255,59
5,39;261,8
5,39;213,44
5,39;225,97
5,39;296,23
5,39;228,54
5,39;287,07
5,39;237,16
5,39;253,12
5,4;250,19
5,4;228
5,4;294,08
5,4;263,86
5,4;244,54
5,41;300,09
5,41;272,62
5,41;277,55
5,42;223,99
5,42;261,92
5,42;305,03
5,42;257,62
5,42;243,1
5,42;234
5,43;312,01
5,43;300,39
5,43;234,72
5,43;221,68
5,44;313,03
5,44;274,86
5,44;250,76
5,44;293,72
5,45;315,27
5,45;261,84
5,45;311,69
5,45;233,66
5,45;246,82
5,45;259,2
5,45;331,76
5,45;264,72
5,45;285,48
5,45;285,32
5,45;275,57
5,45;285,69
5,45;309,71
5,45;183,1
5,46;303,38
5,46;240,16
5,46;244,7
5,47;244,08
5,47;290,2
5,47;224,22
5,47;253,94
5,47;276,38
5,47;267,43
5,48;301,62
5,48;262,7
5,48;259,65
5,48;274,45
5,49;300,86
5,49;236,13
5,49;304,64
5,49;237,4
5,49;297,69
5,5;314,77
5,5;240,83
5,5;234,45
5,5;281,6
5,5;277,33
5,5;262,56
5,5;226,69
5,5;305,68
5,5;273,39
5,51;290,62
5,51;303,41
5,51;305,01
5,51;294,2
5,51;258,24
5,51;268,56
5,51;313,1
5,52;275,65
5,52;267,76
5,52;300,42
5,52;293,68
5,52;308,07
5,52;296,68
5,53;166,69
5,53;252,89
5,53;285,41
5,53;307,16
5,53;287,27
5,53;279,16
5,53;316,83
5,53;346,62
5,53;262,2
5,54;266,07
5,54;309,85
5,54;277,55
5,54;270,37
5,54;310,11
5,54;261,65
5,54;262,59
5,54;329,56
5,54;320,35
5,55;308,47
5,55;331,69
5,55;310,76
5,55;303,16
5,55;245,22
5,56;307,15
5,56;259,29
5,56;262,49
5,56;222,02
5,56;300,15
5,57;255,39
5,57;293,57
5,57;280,08
5,57;281,76
5,57;311,79
5,57;252,68
5,57;243,51
5,58;243,45
5,58;323,69
5,58;377,45
5,58;298,41
5,58;248,53
5,58;270,64
5,58;261,89
5,58;280,13
5,59;285,11
5,59;315,12
5,59;318,18
5,59;260,71
5,59;303,96
5,59;314,94
5,59;349,12
5,59;284,95
5,59;285,23
5,59;320,2
5,6;316,83
5,6;328,05
5,6;265,68
5,6;309,32
5,6;276,84
5,61;344,36
5,61;264,41
5,61;351,3
5,61;301,46
5,62;310,29
5,62;293,01
5,63;-5,95
5,63;315,56
5,63;354,3
5,63;315,75
5,63;338,08
5,63;255,07
5,63;301,81
5,63;211,2
5,63;290,29
5,63;330,59
5,64;277,7
5,64;251,93
5,64;323,11
5,64;306,95
5,64;343,68
5,64;317,52
5,64;262,53
5,65;-5,8
5,65;275,94
5,65;261,56
5,65;264,07
5,65;311,41
5,65;282,62
5,65;262,29
5,65;335,94
5,65;382,88
5,65;297,17
5,66;326,02
5,66;295,95
5,66;370,2
5,67;272,11
5,67;303,21
5,67;313,19
5,67;247,99
5,67;345,86
5,67;381,17
5,68;342,26
5,68;329,84
5,68;269,72
5,68;318,68
5,68;297,92
5,68;383,77
5,68;369,17
5,68;343,64
5,69;292,44
5,69;271,77
5,69;251,65
5,69;298,99
5,69;341,29
5,69;283,94
5,7;-5,6
5,7;290,84
5,7;285,38
5,7;323,73
5,7;354,3
5,71;-6,03
5,71;383,1
5,71;334,99
5,71;354,14
5,71;277,17
5,71;125,05
5,71;273,61
5,72;301,48
5,72;363,23
5,72;265,55
5,72;342,43
5,72;373,69
5,72;296,69
5,73;321,8
5,73;278,07
5,73;345,96
5,73;351,92
5,74;313,18
5,74;344,23
5,74;347,82
5,74;341,95
5,74;365,46
5,74;276,66
5,74;347,06
5,74;334,67
5,74;343,19
5,74;367,23
5,74;298,09
5,74;367,97
5,74;317,07
5,75;-5,38
5,75;390,02
5,75;319,64
5,75;294,61
5,75;305,47
5,75;355,31
5,75;300,04
5,76;346,76
5,76;271,49
5,76;373,92
5,76;350,1
5,76;308,94
5,76;358,28
5,76;332,31
5,77;344,91
5,77;352,25
5,77;321,21
5,77;324,6
5,77;389,42
5,77;370,37
5,77;351,45
5,77;358,62
5,77;327,91
5,78;287,59
5,78;283,32
5,78;326,47
5,79;371,98
5,79;370,58
5,79;397,91
5,79;342,79
5,79;294,54
5,79;398,45
5,79;305,89
5,8;371,77
5,8;374,52
5,8;350,74
5,81;278,38
5,81;395,61
5,81;329,92
5,82;324,64
5,82;363,27
5,82;307,05
5,83;362,31
5,83;319,09
5,83;352,17
5,83;343,3
5,83;378,7
5,83;325,75
5,83;320,61
5,84;416,24
5,84;361,88
5,84;337,24
5,84;351,24
5,84;305,05
5,84;-6,43
5,85;325,54
5,85;341
5,85;355,92
5,85;377,7
5,86;302,18
5,86;378,07
5,86;392,94
5,86;390,34
5,86;357,45
5,86;392,31
5,86;362,67
5,86;288,76
5,87;320,89
5,87;390,12
5,87;410,48
5,87;337,48
5,87;378,11
5,87;422,95
5,87;369,6
5,88;307,74
5,88;309,38
5,88;368,72
5,88;348,88
5,88;411,53
5,89;345,66
5,89;366,95
5,89;388,67
5,89;334,81
5,89;335,64
5,9;393,45
5,9;406,76
5,9;376,91
5,9;382,83
5,9;391,59
5,9;391,69
5,9;336,47
5,91;323,62
5,91;377,57
5,91;315,49
5,91;346,08
5,91;332,29
5,92;370,76
5,92;323,71
5,92;315,49
5,92;386,4
5,92;375,78
5,92;327,95
5,93;418,83
5,93;380,99
5,93;333,53
5,93;351,09
5,93;336,13
5,93;315,94
5,93;347,41
5,93;378,7
5,94;429,75
5,94;387,57
5,94;301,86
5,94;421,84
5,94;313,52
5,94;381,12
5,94;388
5,95;376,48
5,95;355,32
5,95;-5,96
5,95;-5,62
5,95;324,63
5,95;392,36
5,95;365,62
5,95;405,14
5,96;413,34
5,96;413,94
5,96;349,47
5,96;364,05
5,96;306,91
5,96;314,56
5,96;395,46
5,96;332,97
5,96;323,55
5,96;356,29
5,96;364,74
5,97;408,51
5,97;422,31
5,97;355,02
5,97;372,08
5,97;341,64
5,97;423,89
5,97;324,49
5,98;400,68
5,98;388,54
5,98;375,45
5,98;415,81
5,98;458,58
5,99;414,24
5,99;321,66
5,99;410,6
5,99;329,63
5,99;336,28
5,99;-5,88
5,99;366,6
5,99;416,2
5,99;400,23
5,99;410,33
6;369,79
6;405,21
6;340,17
6;435,63
6;395,32
6,01;405,42
6,01;444,01
6,01;457,68
6,01;-5,92
6,01;324,38
6,01;434,71
6,01;373,46
6,02;351,73
6,02;417,45
6,02;-5,81
6,03;-5,68
6,03;446,18
6,03;374,57
6,03;351,84
6,04;382,24
6,04;431,06
6,04;448,55
6,04;320,02
6,04;337,08
6,04;366,41
6,04;416,32
6,04;391,17
6,04;381,73
6,04;385,34
6,05;423,98
6,05;346,72
6,05;439,24
6,05;434,86
6,05;342,49
6,05;361,73
6,05;434,97
6,06;426,75
6,06;371,4
6,06;376,77
6,06;-6,13
6,07;374,22
6,07;467,45
6,07;435,73
6,07;351,55
6,08;408,13
6,08;351,83
6,08;330,76
6,08;455,83
6,08;348,87
6,08;479,8
6,08;199,09
6,09;384,75
6,09;433,14
6,09;478,7
6,09;373,68
6,09;414,86
6,09;432,31
6,09;417,5
6,1;363,16
6,1;450,82
6,1;403,05
6,1;352,66
6,1;362,83
6,1;434,8
6,1;444,88
6,11;349,44
6,11;455,41
6,11;411,03
6,11;365,05
6,11;353,04
6,11;425,81
6,11;480,34
6,11;383,8
6,11;452,58
6,12;371,88
6,12;436,73
6,12;436,96
6,12;471,39
6,12;403,21
6,12;391,69
6,12;412,82
6,12;373,04
6,13;415,57
6,13;350,52
6,13;424,08
6,13;451,1
6,13;368,05
6,13;389,69
6,13;387,41
6,14;383,25
6,14;356,23
6,14;382,87
6,14;382,99
6,14;352,28
6,14;420,32
6,15;376,75
6,15;361,24
6,15;408,6
6,15;380,08
6,15;420,46
6,15;445,92
6,16;385,03
6,16;405,74
6,16;446,94
6,16;357,03
6,16;407,42
6,16;482,29
6,16;457,59
6,17;385,87
6,17;387,19
6,17;355,45
6,17;421,47
6,17;475,49
6,18;453,35
6,18;423,6
6,18;401,59
6,18;373,68
6,18;466,73
6,18;383,16
6,18;438,54
6,19;362,08
6,19;445,67
6,19;374,73
6,19;503,83
6,19;469,78
6,19;472,8
6,19;363,31
6,19;418,65
6,19;420,05
6,2;419,54
6,2;449,08
6,2;489,96
6,2;485,7
6,2;398,86
6,2;343,46
6,2;449,88
6,2;484,45
6,2;403,48
6,2;372,74
6,2;503,13
6,2;479,5
6,21;349,3
6,21;481,75
6,21;454,4
6,21;387,72
6,21;421,66
6,21;375,6
6,21;437,16
6,21;384,39
6,22;419,4
6,22;476,42
6,22;440,2
6,22;383,17
6,22;397,5
6,22;473,73
6,22;469,62
6,22;470,74
6,22;-6,59
6,22;-6,41
6,22;442,76
6,22;400,07
6,22;406,26
6,23;414,86
6,23;423,2
6,23;491,44
6,23;488,38
6,23;478,54
6,23;379,16
6,23;425,46
6,23;-6,61
6,23;384,27
6,23;385,87
6,23;380,84
6,24;386,7
6,24;419,35
6,24;494,24
6,24;401,71
6,24;484,31
6,24;556,34
6,24;421,04
6,24;411,99
6,24;413,94
6,24;335,65
6,24;392,74
6,24;474,13
6,24;421,38
6,25;401,26
6,25;489,71
6,25;458,79
6,25;396,7
6,25;383,39
6,25;396,02
6,25;497,3
6,25;382,19
6,25;414,68
6,26;458,32
6,26;370,18
6,26;473,37
6,26;485,32
6,26;396,05
6,26;505,78
6,26;463,14
6,26;485,69
6,26;480,86
6,26;511,65
6,27;507,27
6,27;384,46
6,27;399,07
6,27;377,21
6,27;520,58
6,27;450,49
6,27;418,92
6,27;355,43
6,27;466
6,27;425,12
6,27;394,89
6,28;488,99
6,28;496,62
6,28;365,13
6,28;380,8
6,29;467,37
6,29;403,19
6,29;504,66
6,29;495,59
6,29;460,89
6,29;437,33
6,29;370,94
6,29;468,62
6,29;425,26
6,29;413,82
6,3;477,03
6,3;431,81
6,3;402,91
6,3;392,62
6,3;455,81
6,3;468,21
6,3;493,63
6,3;406,07
6,3;392,65
6,3;439,26
6,3;465,76
6,3;412,8
6,3;416,87
6,31;451,49
6,31;397,62
6,31;438,86
6,31;499,33
6,31;485,9
6,31;429,04
6,31;355,62
6,32;451,26
6,32;489,6
6,32;441,12
6,32;490,09
6,33;-5,75
6,33;469,57
6,33;408,23
6,33;466,87
6,33;405,86
6,33;437,78
6,33;413,33
6,34;489,86
6,34;457,83
6,34;539,44
6,34;469,94
6,34;510,04
6,34;511,1
6,34;447,85
6,34;-6,06
6,34;481,56
6,34;492,02
6,34;401,58
6,34;533,38
6,34;460,27
6,35;492,03
6,35;520,91
6,35;465,91
6,35;484,64
6,35;458,59
6,35;455,77
6,35;481,33
6,36;476,81
6,36;497,37
6,36;409,33
6,36;410,53
6,36;422,18
6,36;444,27
6,36;466,36
6,36;513,49
6,37;446,61
6,37;487,02
6,37;457,45
6,37;472,94
6,37;492,79
6,38;420,23
6,38;448,36
6,38;464,78
6,38;472,97
6,38;522,68
6,38;428,11
6,38;405,52
6,38;425,59
6,39;468,32
6,39;-5,81
6,39;428,05
6,39;-5,79
6,39;412,56
6,39;552,1
6,4;424,72
6,4;504
6,4;453,59
6,4;500,79
6,4;461,23
6,4;498,23
6,41;535,69
6,41;453,68
6,41;-6,48
6,41;439,8
6,42;483,06
6,42;394,97
6,42;438,26
6,42;524,96
6,42;499,4
6,42;489,47
6,42;484,6
6,42;521,76
6,42;452,34
6,43;438,43
6,43;427,08
6,43;455,87
6,43;445,82
6,43;568,58
6,43;521,78
6,44;585,78
6,44;440,06
6,44;512,86
6,44;447,19
6,44;454,14
6,44;496,65
6,44;563,51
6,45;494,01
6,45;495,17
6,45;493,79
6,45;449,53
6,46;443,99
6,46;439,83
6,46;469,31
6,46;455,45
6,46;490,04
6,46;460,3
6,46;484,6
6,46;536,1
6,46;461,57
6,46;508,81
6,46;534,57
6,47;-6,16
6,47;462,5
6,47;447,17
6,47;573,44
6,47;507,17
6,47;488,1
6,47;604,66
6,47;425,66
6,47;-5,94
6,47;571,37
6,47;439,95
6,48;426,17
6,48;442,25
6,48;405,34
6,48;547,43
6,48;579,1
6,48;454,16
6,48;536,09
6,48;541,18
6,48;536,38
6,48;543,18
6,48;458,8
6,49;503,16
6,49;503,28
6,49;511,34
6,49;449,68
6,49;526,41
6,49;537,5
6,49;498,22
6,49;448,22
6,49;450,31
6,49;519,03
6,5;-6,05
6,5;469,59
6,5;511,27
6,5;444,2
6,5;529,48
6,51;507,02
6,51;584,38
6,51;580,88
6,51;436,84
6,51;542,77
6,51;448,5
6,51;521,28
6,52;455,26
6,52;494,84
6,52;499,08
6,52;530,75
6,52;501,43
6,52;544,19
6,53;452,89
6,53;480,36
6,53;535,73
6,53;-6,12
6,53;515,53
6,53;573,4
6,53;560,87
6,53;570,75
6,54;501,07
6,54;447,87
6,54;464,73
6,54;583,15
6,54;491,47
6,54;567,33
6,54;491,85
6,54;562,05
6,55;575,98
6,55;480,68
6,55;473,91
6,55;540,17
6,55;535,04
6,55;491,22
6,55;540,86
6,55;568,78
6,56;569,47
6,56;571,98
6,56;501,81
6,56;533,46
6,56;475,96
6,57;544,14
6,57;475,36
6,58;481,03
6,58;518,38
6,58;471,61
6,58;516,78
6,58;584,18
6,58;569,64
6,58;488,45
6,59;457,66
6,59;453,51
6,59;487,21
6,59;531,63
6,59;596,36
6,59;572,1
6,59;600,65
6,59;502,2
6,59;588,71
6,59;491,81
6,59;569,94
6,59;470,45
6,6;536,14
6,6;588,86
6,6;446,38
6,6;575,22
6,6;524,36
6,6;490,79
6,6;488,76
6,6;596,98
6,6;466,07
6,6;606,88
6,6;470,55
6,61;534,58
6,61;508,58
6,61;457,72
6,61;452,43
6,61;545,26
6,61;605,85
6,61;605,62
6,61;501,74
6,61;532,75
6,61;600,48
6,61;472,55
6,61;471,01
6,61;517,33
6,61;548,17
6,61;633,17
6,61;619,81
6,61;491,3
6,61;467,03
6,62;473,21
6,62;533,23
6,62;497,77
6,62;504,55
6,62;562,19
6,62;529,27
6,62;512,86
6,62;491,37
6,62;551,44
6,63;519,04
6,63;490
6,63;490,28
6,63;473,83
6,63;613,71
6,63;503,83
6,63;494,91
6,63;498,13
6,63;587,43
6,64;-5,68
6,64;565,81
6,64;516,97
6,64;537,72
6,64;536,43
6,65;543,94
6,65;516,46
6,65;478,74
6,65;497,92
6,65;574,08
6,65;586,07
6,65;501,32
6,65;553,8
6,65;553,87
6,66;489,86
6,66;629,39
6,66;614,04
6,66;571,67
6,66;596,69
6,66;490,93
6,66;550,32
6,67;558,57
6,67;619,97
6,67;524,07
6,67;514,25
6,67;583,13
6,67;492,59
6,67;512,92
6,67;553,55
6,67;-6,31
6,67;583,83
6,67;566,02
6,67;548,9
6,67;606,82
6,67;595,68
6,67;485,52
6,68;462,7
6,68;575,88
6,68;568,73
6,68;491,11
6,69;575,99
6,69;592,9
6,69;528,85
6,69;504,39
6,69;603,03
6,69;607,93
6,69;590,7
6,69;509,21
6,7;531,27
6,7;565,13
6,7;528,02
6,71;-6,08
6,71;484,88
6,71;563,23
6,71;651,96
6,71;504,33
6,71;504,59
6,71;504,21
6,72;611,52
6,72;595,95
6,72;467,14
6,72;-6,46
6,72;653,22
6,72;503,86
6,73;490,5
6,73;-8,06
6,73;637,21
6,73;638,95
6,73;516,11
6,74;499,36
6,74;632,92
6,74;622,72
6,74;604,49
6,74;531,03
6,74;646,24
6,74;570,57
6,74;582,71
6,74;627,33
6,74;522
6,75;618,72
6,75;545,7
6,75;517,9
6,75;615,93
6,75;538,26
6,75;504,17
6,75;606,83
6,75;535,87
6,76;590,8
6,76;638,36
6,76;513,67
6,76;628,75
6,76;520,5
6,76;500,26
6,77;622,79
6,77;626,67
6,77;508,02
6,77;588,92
6,77;556,8
6,77;571,43
6,78;607,52
6,78;572,89
6,78;489,24
6,78;603,41
6,78;588,21
6,78;643,15
6,78;544,86
6,78;546,57
6,78;632,5
6,78;659,66
6,78;614,93
6,78;-6,09
6,78;521,78
6,78;605,93
6,78;664,75
6,79;626,91
6,79;527,39
6,79;529,06
6,79;536,84
6,79;523,5
6,79;651,51
6,79;589,1
6,79;565
6,79;535,18
6,79;523,33
6,8;635,53
6,8;530,41
6,8;626,4
6,8;567,15
6,8;542,95
6,8;642,16
6,8;613,32
6,8;524,51
6,8;649,84
6,8;490,06
6,8;595,26
6,8;625,68
6,8;589,46
6,8;649,78
6,8;514,41
6,8;641,34
6,8;517,2
6,81;589,57
6,81;627,11
6,81;609,52
6,81;676,37
6,81;508,55
6,81;508,95
6,81;514,23
6,81;655,79
6,81;698,23
6,81;629,67
6,81;603,45
6,81;536,09
6,81;574,37
6,81;511,82
6,82;-5,98
6,82;652,48
6,82;662,72
6,82;592,46
6,82;577,16
6,82;631,03
6,82;498,46
6,82;680,21
6,82;571,67
6,82;578,34
6,83;617,91
6,83;525,48
6,83;621,46
6,83;572,92
6,83;548,49
6,83;617,97
6,83;634,96
6,83;667,82
6,83;641,19
6,83;563,53
6,83;620,01
6,83;664,08
6,83;632,92
6,83;523,97
6,84;158,22
6,84;527,6
6,84;534,44
6,84;586,24
6,84;608,07
6,85;570,38
6,85;673,11
6,85;671,84
6,85;558,18
6,85;659,31
6,85;641,82
6,85;547,27
6,85;567,95
6,85;649,26
6,85;610,06
6,85;605,57
6,85;529,55
6,85;636,56
6,85;527,86
6,86;548,55
6,86;625,06
6,86;553,73
6,86;650,32
6,86;552,87
6,86;519,95
6,86;560,42
6,86;566,58
6,86;559,82
6,87;705,81
6,87;669,68
6,87;539,16
6,87;632,55
6,87;559,61
6,87;656,34
6,87;566,93
6,87;651,09
6,87;587,87
6,87;561,59
6,88;638,74
6,88;528,29
6,88;536,47
6,88;671,67
6,88;560,31
6,88;696,39
6,88;587,64
6,88;659,56
6,88;555,83
6,88;627,21
6,88;626,78
6,88;674,79
6,89;664,51
6,89;587,58
6,89;675,75
6,89;660,74
6,89;616,36
6,89;597,85
6,89;676,03
6,9;705,63
6,9;-5,66
6,9;606,49
6,9;686,53
6,9;681,14
6,9;554,66
6,9;655,82
6,9;660,86
6,9;545,84
6,9;644,14
6,9;670,91
6,91;562,47
6,91;555,62
6,91;690,25
6,91;565,73
6,91;652,59
6,91;707,11
6,91;607,72
6,91;599,69
6,91;630,21
6,91;608,97
6,92;661,98
6,92;564,3
6,92;672,43
6,92;700,08
6,92;618,37
6,92;608,45
6,92;667,59
6,92;611,81
6,92;618,95
6,92;660,45
6,93;657,17
6,93;714,71
6,93;577,45
6,93;555,11
6,93;586,13
6,94;555,86
6,94;563,96
6,94;581,34
6,94;619,61
6,94;686,89
6,94;601,83
6,94;563,09
6,94;659,45
6,95;719,85
6,95;652,15
6,95;654,3
6,95;621,08
6,95;597,17
6,95;559,78
6,96;631,83
6,96;709,6
6,96;690,73
6,96;689,75
6,96;649,76
6,96;557,03
6,96;633,84
6,97;567,93
6,97;572,33
6,97;683,25
6,97;731,02
6,97;-7,8
6,98;600,19
6,98;603,36
6,98;562,37
6,98;692,74
6,98;595,2
6,98;703,87
6,98;594,81
6,98;694,36
6,98;687,86
6,98;558,43
6,99;582,8
6,99;627,25
6,99;688,42
6,99;711,56
6,99;593,69
6,99;656,17
6,99;706,52
6,99;568,93
6,99;574,57
6,99;692,35
6,99;593,7
7;743,78
7;569,97
7;691,53
7;728,52
7;602,79
7;575,09
7;595,83
7;642,32
7,01;727,3
7,01;582,13
7,01;620,97
7,01;676,03
7,01;566,12
7,01;629,9
7,01;718,79
7,01;671,57
7,02;703,04
7,02;612,19
7,02;649,56
7,02;659,99
7,02;633,86
7,02;653,72
7,02;544,42
7,02;608,47
7,03;-5,95
7,03;574,86
7,03;686,84
7,03;606,72
7,03;728,12
7,03;721,78
7,03;692,05
7,04;603,26
7,04;657,46
7,04;627,69
7,04;602,2
7,04;706,06
7,04;709,45
7,04;705,99
7,04;639,89
7,04;619,23
7,05;709,96
7,05;662,21
7,05;621,33
7,05;615,1
7,05;602,98
7,05;713,78
7,05;668,12
7,05;597,17
7,05;604,76
7,06;592,07
7,06;590,36
7,06;717,2
7,06;726,59
7,06;721,25
7,06;661,95
7,06;669,67
7,06;692,64
7,06;649,05
7,06;709,18
7,06;606,42
7,06;756,57
7,07;616
7,07;651,74
7,07;682,4
7,07;639,28
7,07;690,29
7,07;768,21
7,07;595,12
7,07;757,79
7,08;641,02
7,08;630,87
7,08;764,05
7,08;702,25
7,08;661,21
7,08;711,08
7,08;715,4
7,08;725,87
7,09;792,73
7,09;707,33
7,09;603,43
7,09;684,74
7,09;717,32
7,09;724,6
7,09;747,86
7,09;749,18
7,09;747,65
7,1;617,86
7,1;631,15
7,1;697,96
7,1;746,26
7,11;596,77
7,11;681,2
7,11;686,56
7,11;770,48
7,11;679,38
7,11;739,43
7,11;654,06
7,11;600,86
7,11;712
7,11;773,89
7,11;731,33
7,11;625,98
7,12;693,92
7,12;669,91
7,12;646,58
7,12;634,41
7,12;609,78
7,12;710,97
7,12;657,49
7,12;654,83
7,13;621,37
7,13;676,7
7,13;784,45
7,13;641,87
7,13;748,98
7,13;733,29
7,13;766,5
7,13;752,66
7,13;749,19
7,14;712,52
7,14;602,64
7,14;720,42
7,14;776,1
7,14;795,79
7,14;641,45
7,14;719,58
7,14;686,68
7,15;739,49
7,15;622,39
7,15;702,34
7,15;672,84
7,15;648,65
7,15;767,34
7,15;727,33
7,15;635,94
7,15;690,36
7,15;616,64
7,15;698,01
7,16;635,5
7,16;649,06
7,16;726,88
7,16;720,48
7,16;725,98
7,16;779,54
7,17;621,06
7,17;645,34
7,17;664,06
7,17;680,06
7,17;757,23
7,17;710,04
7,17;647,07
7,17;611,98
7,17;623,65
7,17;825,44
7,18;608,14
7,18;618,26
7,18;759,41
7,18;776,22
7,18;700,67
7,18;694,05
7,18;766,23
7,18;815,04
7,18;712,38
7,18;735,13
7,19;612,96
7,19;824,46
7,19;694,04
7,19;719,53
7,19;731,61
7,19;637,06
7,19;694,21
7,2;635,59
7,2;616,63
7,2;696,83
7,2;678,7
7,2;747,56
7,2;715,71
7,2;640,89
7,2;697,24
7,2;712,91
7,2;713,9
7,2;635,5
7,2;760,47
7,21;729,06
7,21;738,48
7,21;691,09
7,21;760,25
7,21;768,04
7,21;725,39
7,21;778,46
7,21;776,06
7,21;767,61
7,21;649,12
7,21;770,91
7,21;730,54
7,22;634
7,22;783,77
7,22;713,54
7,22;-6,47
7,23;793,83
7,23;777,24
7,23;661,82
7,23;776,68
7,23;653,65
7,23;655,5
7,23;796,68
7,24;658,66
7,24;751,61
7,24;789,08
7,24;667,86
7,24;781,2
7,24;669,03
7,24;685,43
7,24;705,27
7,24;645,56
7,25;711,05
7,25;750,81
7,25;791,94
7,25;792,46
7,25;688,93
7,25;718,08
7,25;774,36
7,26;717,77
7,26;654,89
7,26;741,21
7,26;785,5
7,26;642,54
7,26;632,98
7,26;655,95
7,26;780,71
7,27;683,52
7,27;846,38
7,27;673,8
7,27;773,32
7,27;658,35
7,27;762,27
7,27;673,76
7,27;673,01
7,27;702,53
7,27;658,43
7,27;683,96
7,27;650,41
7,28;771,26
7,28;773,09
7,28;780,1
7,28;739,83
7,28;770,42
7,29;768,57
7,29;676,75
7,29;739,12
7,29;670,4
7,29;827,6
7,29;722,61
7,29;703,8
7,29;672,9
7,3;783,76
7,3;734,7
7,3;806,73
7,3;807,9
7,3;680,78
7,3;792,7
7,3;685,48
7,3;715,4
7,3;668,88
7,3;661,91
7,3;631,41
7,3;776,64
7,31;654,39
7,31;787,84
7,31;750,41
7,31;635,79
7,31;800,81
7,31;747,18
7,31;834,42
7,31;703,93
7,31;762,5
7,31;785,79
7,32;766,42
7,32;762,11
7,32;788,68
7,32;706,89
7,32;810,92
7,32;649,19
7,32;699,86
7,32;714,4
7,33;686
7,33;741,77
7,33;725,67
7,33;832
7,33;828,39
7,33;723,05
7,34;817,06
7,34;801,9
7,34;682,38
7,34;781,34
7,34;804,95
7,34;796,81
7,34;764,1
7,35;801,52
7,35;785,14
7,35;774,91
7,35;664,27
7,35;708,08
7,35;682,16
7,35;677,54
7,35;686,25
7,36;725,04
7,36;833,32
7,36;768,26
7,36;775,01
7,36;693,49
7,36;755,59
7,36;839,32
7,36;808,93
7,36;855,75
7,36;757,16
7,36;711,35
7,36;646,65
7,36;792,24
7,37;793,36
7,37;838,99
7,37;845,52
7,37;701,25
7,37;730,17
7,37;820,71
7,37;745,29
7,37;682,83
7,38;688,97
7,38;787,72
7,38;815,54
7,38;-5,84
7,38;810,29
7,38;745,37
7,38;802,56
7,38;840,1
7,38;708,94
7,39;692,71
7,39;700,43
7,39;842,95
7,39;686,4
7,39;842,62
7,4;775,89
7,4;792,7
7,4;683,88
7,4;843,79
7,4;722,9
7,4;916,21
7,4;753,22
7,4;771,02
7,4;800,56
7,4;808,98
7,41;834,47
7,41;772,86
7,41;829,53
7,41;712,56
7,41;739,48
7,42;863,05
7,42;732,25
7,42;742,55
7,42;775,26
7,42;810,47
7,43;708,81
7,43;753,51
7,43;848,65
7,43;777,09
7,43;840,83
7,43;710,1
7,43;831,32
7,43;739,56
7,44;717,77
7,44;701,09
7,44;862,75
7,44;804,25
7,44;736,99
7,44;783,7
7,44;754,58
7,44;780,88
7,44;715,72
7,45;846,41
7,45;711,78
7,45;892,36
7,45;830,24
7,45;721,16
7,45;865,35
7,45;759,27
7,45;833,51
7,45;798,15
7,45;752,26
7,45;723,97
7,45;770,59
7,45;682,33
7,45;837,33
7,46;842,07
7,46;758,22
7,46;741,94
7,47;847,75
7,47;899,68
7,47;859,77
7,47;859,16
7,47;759,62
7,47;822,04
7,48;846,65
7,48;828,43
7,48;737,42
7,48;881,32
7,48;846,69
7,48;858,67
7,48;738,79
7,48;776,01
7,48;898,84
7,48;809,21
7,49;748,6
7,49;821,07
7,49;738,67
7,49;800,68
7,49;833,41
7,49;773,63
7,49;777,45
7,49;747,91
7,49;805,94
7,49;828,44
7,49;862,96
7,49;791,25
7,5;862,51
7,5;760,35
7,5;865,29
7,5;759,76
7,5;562,38
7,5;769,16
7,51;729,55
7,51;845,46
7,51;846,17
7,51;755,5
7,52;730,95
7,52;899,44
7,52;768,22
7,52;902,9
7,52;824,24
7,52;708,37
7,52;835,93
7,52;888,11
7,52;790,54
7,52;811,92
7,53;815,75
7,53;902,67
7,53;799,39
7,53;720,31
7,53;930,41
7,54;851,46
7,54;927,77
7,54;835,47
7,54;846,27
7,54;834,41
7,54;746,08
7,54;844,68
7,54;716,67
7,54;887,3
7,54;843,41
7,55;871,69
7,55;751,28
7,55;929,86
7,55;794,89
7,55;865,62
7,55;766,02
7,56;875,07
7,56;800,43
7,56;776,01
7,56;871,88
7,56;909,12
7,56;944,61
7,56;901,97
7,57;861,21
7,57;910,29
7,57;744,32
7,57;745,84
7,57;815,93
7,57;861,62
7,57;887,93
7,57;887,2
7,57;851,85
7,57;864,27
7,58;886,99
7,58;886,4
7,58;911,47
7,58;829,79
7,58;855,68
7,58;865,96
7,58;872,36
7,58;883
7,59;751,12
7,59;764,89
7,59;872,85
7,59;820,66
7,59;757,51
7,59;800
7,59;876,79
7,59;761,82
7,59;785,94
7,59;870,57
7,6;876,76
7,6;867,26
7,6;855,69
7,6;764,88
7,6;770,25
7,6;861,04
7,6;771,54
7,6;862,69
7,61;922,78
7,61;794,13
7,61;850,13
7,61;805,27
7,61;802,96
7,61;789,06
7,61;795,64
7,61;873,15
7,62;887,09
7,62;843,87
7,62;770,94
7,62;768,69
7,62;881,68
7,62;794,99
7,62;826,33
7,62;778,4
7,62;813,91
7,62;929,42
7,62;944,06
7,63;797,64
7,63;765,98
7,63;873,79
7,63;920,06
7,63;894,91
7,63;790,51
7,63;800,66
7,63;826,23
7,63;861,86
7,63;880,6
7,63;838,06
7,63;882,8
7,64;848,4
7,64;869,28
7,64;883,73
7,64;792,06
7,64;791,53
7,64;745,95
7,64;920,68
7,64;820,94
7,64;922,01
7,64;767,36
7,65;837,88
7,65;919,76
7,65;827,18
7,65;779,1
7,65;924,24
7,65;790,99
7,65;887,47
7,65;847,95
7,65;818,05
7,65;786,46
7,65;861,18
7,65;855,61
7,66;846,89
7,66;772,78
7,66;796,91
7,66;938,39
7,66;806,33
7,66;837,83
7,66;786,69
7,66;787,1
7,66;771,82
7,66;870,25
7,66;861,89
7,66;857,89
7,66;804,07
7,66;893,64
7,67;854,48
7,67;882,21
7,67;876,29
7,67;837,47
7,68;914,69
7,68;924,54
7,68;758,13
7,68;891,33
7,68;780,53
7,68;869,54
7,68;837,76
7,69;807,84
7,69;870,72
7,69;266,06
7,69;878,26
7,69;766,03
7,7;782,7
7,7;871,73
7,7;805,84
7,7;918,58
7,7;939,91
7,7;945,19
7,7;830,35
7,7;-5,58
7,71;864,05
7,71;924,69
7,71;885,7
7,71;846,97
7,71;774,58
7,71;802,31
7,71;819,23
7,71;905,32
7,71;955,82
7,71;815,65
7,71;812,76
7,71;992,36
7,72;789,03
7,72;797,17
7,72;882,51
7,72;924,94
7,72;874,12
7,72;989,42
7,72;823,73
7,73;889,32
7,73;888,83
7,73;811,35
7,73;813,84
7,73;807,61
7,73;751,22
7,73;822,25
7,73;913,15
7,73;841,1
7,74;832,75
7,74;793,23
7,74;915,22
7,74;876,19
7,74;920,17
7,74;944,56
7,74;809,3
7,75;914
7,75;787,44
7,75;881,39
7,75;782,95
7,75;893,92
7,76;975,26
7,76;904,96
7,76;801,89
7,76;890,52
7,76;922,78
7,76;779,56
7,76;938,48
7,76;893,14
7,77;954,54
7,77;860,04
7,77;947,88
7,77;940,11
7,77;898,98
7,77;831,06
7,77;938,24
7,78;891,35
7,78;945,51
7,78;817,92
7,78;868,73
7,78;956,99
7,78;831,55
7,78;791,46
7,78;850,53
7,78;850,66
7,78;939,23
7,78;864,04
7,79;860,8
7,79;893,52
7,79;968,37
7,79;824,68
7,79;901,81
7,79;957,42
7,8;819,72
7,8;917,27
7,8;990,81
7,8;824,97
7,8;917,63
7,8;817,58
7,8;961,17
7,81;895,37
7,81;905,14
7,81;903,43
7,81;877,4
7,81;946,69
7,81;920
7,81;865,83
7,81;904,59
7,82;927,32
7,82;959,34
7,82;947,29
7,82;819,02
7,82;817,73
7,82;909,99
7,82;936,79
7,82;978,84
7,83;842,13
7,83;849,67
7,83;935,54
7,83;843,46
7,83;960,02
7,83;878,19
7,83;864,47
7,83;949,18
7,83;820,69
7,83;945,43
7,83;816,01
7,83;954,39
7,83;937,25
7,83;974,95
7,84;836,57
7,84;914,32
7,84;912,87
7,84;956,71
7,84;868,79
7,84;1021,16
7,84;856,74
7,84;868,89
7,84;849,04
7,85;872,27
7,85;969,09
7,85;958,98
7,85;860,4
7,85;951,96
7,85;1014,99
7,86;985,9
7,86;900,12
7,86;850,64
7,86;916,57
7,86;854,72
7,87;959,85
7,87;720,12
7,87;1007,3
7,87;838,29
7,87;889,49
7,87;978
7,87;945,5
7,87;855,41
7,87;838,72
7,87;999,4
7,88;842,64
7,88;842,78
7,88;874,19
7,88;823
7,88;990,1
7,88;882,46
7,89;1003,03
7,89;883,11
7,89;870,57
7,89;980,72
7,89;847,6
7,9;807,78
7,9;898,08
7,9;901,46
7,9;992,2
7,9;948,03
7,9;944,47
7,91;849,68
7,91;965,69
7,91;988,52
7,91;949,94
7,92;820,71
7,92;974,6
7,92;851,03
7,92;1018,05
7,92;854,81
7,92;979,85
7,92;892,64
7,93;960,68
7,93;878,17
7,93;827,04
7,93;991,32
7,93;870,55
7,93;841,42
7,94;889,57
7,94;891,96
7,94;901,92
7,94;921,93
7,94;911,08
7,94;952,65
7,94;974,61
7,94;923,72
7,95;963,77
7,95;958,69
7,95;962,08
7,95;932,22
7,95;884,22
7,95;905,51
7,95;878,92
7,95;886,44
7,95;862,33
7,95;984,88
7,95;1019,94
7,95;1039,95
7,95;1008,54
7,96;970,42
7,96;888,34
7,96;968,19
7,96;899,79
7,96;983,37
7,96;1017,5
7,96;988,69
7,96;941,94
7,98;817,58
7,98;912,89
7,98;962,71
7,98;924,7
7,98;888,63
7,98;1028,21
7,98;-6,51
7,98;945,31
7,98;953,49
7,98;877,57
7,99;966,09
7,99;963,53
7,99;1024,47
7,99;902,98
7,99;896,18
7,99;923,18
7,99;969,02
7,99;1016,28
7,99;955,32
7,99;969,21
7,99;1016,52
7,99;995,73
7,99;907,03
8;894,88
8;978,91
8;996,39
8;890,62
8;918,22
8;919,92
8;1039,13
8;987,58
8,01;910,23
8,01;922,13
8,01;928,94
8,01;955,77
8,01;992,77
8,01;1005,31
8,01;1009,85
8,02;1025,25
8,02;972,9
8,02;1004,03
8,02;867,82
8,02;917,74
8,02;907,85
8,02;1039,37
8,03;943,53
8,03;955,68
8,03;990,02
8,03;933,83
8,03;912,3
8,03;924,05
8,04;662,92
8,04;1027,2
8,04;1066,67
8,04;953,05
8,04;956,21
8,05;948,72
8,05;916,97
8,05;1038,49
8,06;1050,55
8,06;863,44
8,06;1007,6
8,06;925,46
8,06;995,52
8,06;928,12
8,07;1056,1
8,07;1036
8,07;988,96
8,07;913,93
8,07;983,23
8,07;914,99
8,07;979,27
8,07;1084,78
8,07;-6,13
8,07;-6,03
8,07;907,94
8,07;952,3
8,08;1031,09
8,08;909,7
8,08;902,44
8,08;906,79
8,08;1028,37
8,08;1013,33
8,08;1040,29
8,08;1007,32
8,08;1040,6
8,08;977,75
8,09;944,35
8,09;1025,22
8,09;1058,43
8,09;913,35
8,1;969,82
8,1;911,94
8,11;1097,84
8,11;992,01
8,11;998,83
8,11;982,87
8,11;1001,37
8,11;1036,76
8,11;916,88
8,12;968,85
8,12;951,44
8,12;1029,73
8,12;-7,1
8,12;1053,06
8,13;1058,13
8,13;1082,53
8,13;980,09
8,13;1102,87
8,13;991,84
8,13;1059,09
8,13;911,64
8,13;1004,89
8,13;980,44
8,13;1043,64
8,13;1043,02
8,14;941,91
8,14;915,48
8,14;943,92
8,14;1026,62
8,14;-6,14
8,14;1113,27
8,15;1049,41
8,15;926,76
8,15;1021,63
8,15;951,08
8,15;1082,92
8,16;1000,29
8,16;1087
8,16;1079,79
8,17;1083,95
8,17;1048,1
8,17;1024,14
8,17;1058,25
8,17;1042,4
8,17;1041,7
8,18;945,2
8,18;968,66
8,18;951,6
8,18;968,86
8,18;1054,47
8,19;935,83
8,19;1024,95
8,19;1075,34
8,2;1066,6
8,2;1013,33
8,2;1110,81
8,2;1013,32
8,2;972,42
8,21;1026
8,21;1097,41
8,21;1100,45
8,21;1072,4
8,21;992,71
8,21;941,62
8,21;1038,6
8,22;1021,03
8,22;1002,8
8,22;1062,76
8,22;965,57
8,22;1055,76
8,22;1035,03
8,22;969,36
8,22;1099,95
8,23;1110,71
8,23;971,58
8,23;1095,26
8,23;999,16
8,23;1064,58
8,23;977,83
8,24;1011,61
8,24;1126,25
8,24;1050,45
8,24;967,78
8,24;1099,76
8,24;1105,59
8,24;1016,73
8,24;1080,34
8,25;1063,01
8,25;1032,64
8,25;1032,19
8,25;1090,35
8,26;1006,57
8,26;1127,79
8,26;1080,83
8,26;1109,76
8,27;955,74
8,27;1016,87
8,28;1023,08
8,28;1061,27
8,28;997,53
8,28;1125,07
8,28;1042,31
8,28;1000,5
8,28;991,79
8,28;1034,98
8,28;1044,74
8,29;961,74
8,29;964,69
8,29;991,68
8,29;1062,21
8,3;1110,95
8,3;1034,41
8,3;1048,91
8,3;1106,38
8,3;1036,27
8,3;1019,81
8,31;1108,39
8,31;1014,74
8,31;1047,42
8,31;1032,52
8,32;1154,64
8,32;1066,32
8,32;1054,89
8,32;954,19
8,32;1078,31
8,33;1119,89
8,33;1013,52
8,33;1043,95
8,33;1102,44
8,33;1108,47
8,33;1098,46
8,33;1090,88
8,33;1112,65
8,34;1109,47
8,34;999,81
8,34;1078,53
8,34;1010,29
8,34;1091,46
8,34;1020,92
8,34;1070,39
8,34;1032,11
8,34;1094,03
8,35;1084,29
8,35;1111,64
8,35;1040,1
8,35;1150,68
8,35;1042,15
8,35;1120,78
8,35;1063,3
8,35;1088,95
8,35;1078,14
8,36;1116,66
8,36;1019,08
8,36;1147,34
8,36;1101,78
8,37;1179,82
8,37;1009,69
8,37;1009,42
8,37;1009,08
8,37;1058,82
8,37;1136,56
8,38;1106,21
8,38;998,75
8,38;1103,93
8,39;1051,81
8,39;1052,46
8,39;1146,71
8,4;1166,1
8,4;1080,77
8,4;1112,65
8,4;1073,99
8,4;1046,79
8,4;1064,88
8,4;1144,59
8,4;1135,48
8,41;1094,85
8,41;1117,64
8,41;1034,65
8,41;1125,7
8,42;1099,11
8,42;1086,48
8,42;1078,62
8,42;1024,23
8,42;1056,52
8,42;1161,54
8,43;1041,61
8,43;1092,21
8,43;1078,48
8,43;1044,59
8,44;1075,05
8,44;1101,76
8,44;1025,74
8,44;1087,49
8,44;1115,62
8,44;1121,25
8,44;1152,44
8,45;1149,15
8,45;1108,27
8,45;1136,84
8,45;1106,79
8,45;1024,87
8,45;1193,33
8,46;1040,73
8,46;1091,2
8,46;1075,89
8,46;1053,26
8,47;1035,95
8,47;1031,11
8,47;1149,19
8,47;1159,48
8,48;1094,65
8,48;1120,8
8,49;1059,06
8,49;1050,64
8,49;1059,14
8,49;1036,59
8,5;1024,92
8,5;1070,62
8,5;1144,09
8,5;1122,89
8,5;1039,73
8,5;1043,83
8,51;1159,6
8,51;1063,31
8,51;1177,61
8,52;1037,35
8,52;1112
8,53;1187,02
8,53;-5,91
8,53;1184,43
8,54;1164,95
8,54;1095,53
8,54;1101,5
8,55;1189,75
8,55;1107,35
8,55;1144,2
8,55;1194,39
8,56;1093,58
8,56;1057,53
8,56;1092,07
8,56;1096,91
8,56;1059,46
8,56;1101,26
8,56;1114,62
8,56;1138,02
8,56;1149,25
8,57;1081,02
8,57;1219,23
8,57;1105,11
8,57;1094,05
8,58;1152,92
8,59;1185,7
8,59;1151,57
8,59;1130,34
8,59;1154,66
8,59;1117,75
8,59;1102,61
8,59;1097,63
8,6;1089,16
8,6;1148,95
8,6;1128,97
8,6;1162,02
8,6;1216,73
8,6;1180,13
8,61;1094,86
8,61;1129,96
8,61;1120,08
8,61;1217,08
8,61;1199,84
8,62;1094,12
8,62;1173,86
8,62;1174,91
8,62;1105,98
8,62;1087,7
8,62;1101,21
8,62;1069,12
8,62;1189,36
8,62;1106,26
8,63;1077,33
8,63;1231,64
8,63;1122,61
8,63;1126,74
8,64;1181,63
8,64;1178,85
8,64;1128,75
8,64;1201,5
8,65;1089,45
8,65;1206,72
8,65;1073,47
8,65;1238,25
8,66;1221,72
8,66;1182,21
8,66;1126,88
8,66;1211,66
8,66;1184,57
8,66;1071,59
8,66;1161,1
8,66;1182,14
8,66;1182,28
8,66;1093,12
8,66;1163,67
8,67;1108,22
8,67;1171,28
8,67;1192,74
8,67;1194,24
8,67;1178,29
8,67;1173
8,68;1182,85
8,68;1070,1
8,68;1162,95
8,68;1118,75
8,68;1168,33
8,68;1142,15
8,69;1091,49
8,69;1184,64
8,69;1156,23
8,7;1165,94
8,7;1136,65
8,7;1161,4
8,7;1157,12
8,7;1124,74
8,71;1210,27
8,71;1214,89
8,71;1147,23
8,71;1179,64
8,71;-6,54
8,71;1198,41
8,71;1126,4
8,72;1196,33
8,72;1133,44
8,72;1283,67
8,73;1185,47
8,73;1149,2
8,74;1159
8,74;1168,49
8,74;1132,64
8,74;1205,25
8,74;1134,38
8,75;1204,11
8,75;1237,42
8,75;1246,79
8,75;1083,43
8,76;1176,46
8,76;1231,4
8,77;1141,45
8,77;1130,65
8,77;1174,57
8,77;1146,85
8,77;1193,46
8,78;1278,84
8,78;1234,46
8,78;1113,08
8,78;1158,84
8,78;1238,67
8,78;1206,3
8,79;1228,18
8,79;1188,97
8,79;1144,54
8,79;1219,24
8,8;1171,86
8,8;1187,56
8,8;1153,75
8,8;1178,63
8,8;1204,89
8,81;1235,08
8,81;1277,64
8,81;1171,12
8,81;1186,8
8,81;1174,1
8,81;1152,98
8,81;1125,4
8,81;1151,07
8,82;1146,27
8,82;1285,04
8,82;1231,39
8,82;1236,72
8,83;1212,49
8,83;1199,8
8,84;1168,55
8,84;1235,73
8,84;1184,81
8,84;1215,22
8,84;1161,59
8,84;1162,59
8,84;1287,65
8,85;1265,68
8,85;1264,2
8,86;1190,07
8,86;1201,8
8,86;1199,22
8,86;1256,8
8,86;1218,21
8,87;1235,24
8,87;1229,01
8,87;1198,38
8,87;1188,76
8,87;1299,52
8,88;1185,7
8,88;1207,3
8,88;1226,72
8,88;1186,45
8,88;1193,66
8,88;1197,75
8,88;1258,1
8,88;-5,96
8,88;1242,25
8,89;1259,9
8,89;1227,21
8,89;1189,07
8,9;1188,49
8,9;1301,14
8,9;1211,52
8,9;1266,91
8,9;1231,15
8,9;1236,44
8,9;1204,93
8,9;1265,83
8,9;1270,33
8,91;1266,68
8,91;1269,89
8,91;1245,4
8,91;1241
8,91;1160,19
8,91;1246,01
8,92;1177,1
8,92;1134,22
8,92;1204,14
8,93;1271,39
8,93;1242,65
8,93;1196,59
8,93;1253,66
8,93;1230,75
8,93;1196,47
8,94;1211,15
8,94;1231,89
8,94;1230,64
8,94;1226,17
8,94;1266,81
8,95;1328,15
8,95;1302,86
8,95;1262,22
8,95;1257,87
8,95;1158,42
8,96;1199,44
8,96;1264,73
8,96;1247,59
8,96;1263,86
8,96;1252,12
8,97;1262,52
8,97;1216,26
8,97;1228,67
8,97;1232,88
8,97;1248,45
8,97;1227,55
8,97;1240,72
8,97;1305,09
8,97;1228,99
8,99;1206,03
8,99;1198,85
9;1238,79
9;1206,9
9;1256,08
9,01;1235,72
9,01;1297,24
9,01;1269,25
9,01;1238,09
9,01;1251,19
9,01;1217,8
9,01;1237,64
9,02;1221,65
9,02;1341,72
9,02;1222,29
9,02;1232,48
9,03;1202,56
9,03;1286,45
9,03;1310,05
9,03;1243,01
9,03;1242,25
9,03;1236,58
9,03;1212,24
9,03;1223,55
9,04;1281,63
9,04;1275,3
9,04;1237,96
9,04;1251,71
9,05;1318,18
9,05;1370,02
9,05;1295,8
9,05;1293,76
9,05;1217,83
9,06;1289,29
9,06;1243,75
9,06;1341,4
9,07;1225,16
9,07;1282,92
9,07;1243,02
9,07;1354,59
9,08;1272,69
9,08;1353,83
9,09;1228,39
9,09;1289,49
9,09;1249,12
9,09;1289,02
9,09;1274,97
9,09;1349,41
9,09;1278,61
9,1;1335,74
9,1;1311,27
9,1;1277,98
9,1;1256,12
9,1;1232,56
9,11;1254,67
9,12;1334,83
9,12;1358,65
9,12;1238,74
9,12;1312,67
9,13;1305,55
9,13;1385,51
9,13;1281,87
9,13;1253,19
9,14;1266,33
9,14;1425,61
9,14;1301,04
9,14;1288,34
9,14;1234,62
9,15;1277,01
9,15;1287,34
9,16;1239,49
9,16;1315,78
9,16;1317,72
9,17;1257,84
9,17;1286,33
9,17;1311,78
9,17;1260,93
9,17;1284,33
9,17;1290,81
9,18;1312,87
9,18;1315,36
9,18;1281,59
9,18;1347,71
9,19;1359,22
9,19;1261,94
9,19;1277,9
9,19;1347,88
9,19;1366,54
9,19;1269,25
9,2;1326,63
9,2;1348,25
9,2;1297,95
9,2;1349,9
9,2;1351,4
9,2;1343,94
9,2;1325,75
9,21;1323,84
9,22;1303,16
9,22;1336,39
9,22;1315,21
9,23;1265,67
9,23;1363,68
9,23;1354,5
9,23;1342,88
9,23;1381,08
9,23;1402,72
9,23;1320,73
9,23;1388,22
9,24;1291,46
9,24;1156,2
9,26;1288,62
9,26;1269,78
9,27;1307,79
9,27;1309,7
9,27;1314,35
9,27;1305,28
9,28;1304,23
9,28;1296,29
9,28;1330,35
9,28;1323,64
9,28;1425,11
9,28;1306,23
9,28;1377,89
9,28;1316,28
9,29;1351,85
9,29;1367,32
9,29;1320,91
9,29;1317,19
9,29;1308,04
9,29;1412,62
9,29;1272,88
9,3;1357,99
9,3;1294
9,3;1326,2
9,3;1378,39
9,3;1314,02
9,3;1326,71
9,31;1362,79
9,31;1336,01
9,31;1304,29
9,32;1343,83
9,32;1328,32
9,32;1380,91
9,32;1344,76
9,33;1351,08
9,33;1319,13
9,33;1341,56
9,33;1299,94
9,33;1346,22
9,33;1441,45
9,34;1410,18
9,34;1318,92
9,34;1337,21
9,35;1426,87
9,35;1404,04
9,35;1361,89
9,35;1329,68
9,35;1372,88
9,35;1428,24
9,35;1382,72
9,36;1348,48
9,36;1355,82
9,37;1324,21
9,37;1380,11
9,37;1415,17
9,37;1407,01
9,37;1311,4
9,37;1320,14
9,37;1417,19
9,37;1341,71
9,37;1326,23
9,38;1361,87
9,39;1316,83
9,39;1431,05
9,39;1469,9
9,39;1317,57
9,39;1319,53
9,4;1359,09
9,4;1394,99
9,4;1354,4
9,4;1343,47
9,41;1359,35
9,41;1350,17
9,42;1401,93
9,42;1382,49
9,42;1373,7
9,42;1374,53
9,42;1362,31
9,43;1364,05
9,43;1397,09
9,43;-5,96
9,44;1329,35
9,45;1330,62
9,45;1432,03
9,45;1447,36
9,45;1391,77
9,46;1447,51
9,46;1327,19
9,46;1360,63
9,46;1442,21
9,46;1379,91
9,46;1437,64
9,47;1382,6
9,47;1404,38
9,47;1447,87
9,47;1420,28
9,47;1379,58
9,47;1374,63
9,48;1394,6
9,48;1429,89
9,48;1425,84
9,48;1424,03
9,49;1463,65
9,49;1433,34
9,49;1347,5
9,49;1403,12
9,5;1457,97
9,5;1403,12
9,5;1371,3
9,5;1387,41
9,5;1394,8
9,5;1401,57
9,51;1431,09
9,51;1362,19
9,51;1428,27
9,51;1383,76
9,52;1331,1
9,52;1397,64
9,52;1383,95
9,52;1417,19
9,52;1356,22
9,53;1382,92
9,53;1390,41
9,53;1490,79
9,54;1387,47
9,54;1360,83
9,54;1390,78
9,55;1409,64
9,55;1389,58
9,55;1378,35
9,56;1404,66
9,56;1403,42
9,56;1462,01
9,56;1417,24
9,57;1465,77
9,57;1446,74
9,57;1418,58
9,57;1458,69
9,57;1404,59
9,57;1417,44
9,57;1454,26
9,57;1409,05
9,58;1433,36
9,58;1464,22
9,58;1387,17
9,58;1420,79
9,58;1466,62
9,59;1441,59
9,59;1440,75
9,59;1438,02
9,59;1410,9
9,6;1425,66
9,6;1435,17
9,6;1387,7
9,6;1468,1
9,6;1462,5
9,6;1493,99
9,6;1383,31
9,6;1381,81
9,61;1418,77
9,61;1441,22
9,62;1382,61
9,62;1469,07
9,62;1419,6
9,62;1427,85
9,62;1500,3
9,62;1438,46
9,62;1407,96
9,63;1386,03
9,63;1413,48
9,63;1407,19
9,64;1485,8
9,64;1461,1
9,64;1454,12
9,65;1471,97
9,65;1479,46
9,66;1404,15
9,66;1410,35
9,66;1449,02
9,66;1398,51
9,66;1448,22
9,67;1432,67
9,67;1442,04
9,67;1438,02
9,67;1435,48
9,67;1466,68
9,67;1450,77
9,68;1479,73
9,68;1448,27
9,68;1448,24
9,69;1471,8
9,69;1445,04
9,7;1381,33
9,7;1478,06
9,7;1489,63
9,7;1480,42
9,7;1461,5
9,7;1448,07
9,71;1455,88
9,71;1436,51
9,71;1442,41
9,72;1473,42
9,72;1461,79
9,72;1436,62
9,73;1506,85
9,73;1426,26
9,73;1538,04
9,74;1472,27
9,74;1469,62
9,75;1516,57
9,75;1477,37
9,76;1471,04
9,76;1458,69
9,77;1481,21
9,77;1486,01
9,77;1479,57
9,78;1485,39
9,78;1450,13
9,78;1499,6
9,79;1533,45
9,79;1464,12
9,8;1495,76
9,8;1510,58
9,8;1533,82
9,8;1436,72
9,8;1442,04
9,8;1431,57
9,8;1543,59
9,81;1411,79
9,81;1537,08
9,81;1544,56
9,81;1467,54
9,82;1473,85
9,82;1484,33
9,83;1512,26
9,84;1476,41
9,84;1506,79
9,84;1493,37
9,84;1506,93
9,85;1520,78
9,85;1463,34
9,85;1529,33
9,85;1495,64
9,85;1506,29
9,86;1459,24
9,86;1471,35
9,86;1507,22
9,87;1525,31
9,87;1496,13
9,87;1545,42
9,87;1514,15
9,87;1528,91
9,87;1497,64
9,88;1473,63
9,89;1536,7
9,89;1514,1
9,9;1554,04
9,9;1539,49
9,9;1494,38
9,9;1475,78
9,9;1485,11
9,91;1489,16
9,91;1542,92
9,91;1543,4
9,91;1537,1
9,91;1526,85
9,92;1522,95
9,92;1516,54
9,92;1473,84
9,92;1540,39
9,92;1588,12
9,92;1499,98
9,93;1539,66
9,93;1492,34
9,94;1528,68
9,95;1545,31
9,95;1534,29
9,96;1564,84
9,96;1529,64
9,96;1574,56
9,97;1554,08
9,97;1523,48
9,97;1505,95
9,98;1553,47
9,98;1554,29
9,98;1533,51
9,98;1554,11
9,98;1485,12
9,99;1530,02
9,99;1525,14
9,99;1527,32
10;1526,51
10,01;1561,37
10,01;1544,18
10,01;1538,4
10,01;1554,21
10,01;1526,87
10,02;1565,34
10,02;1528,38
10,02;1553,76
10,02;1515,96
10,03;1561,19
10,03;1539,43
10,03;1542,88
10,04;1571,78
10,04;1524,55
10,04;1548,15
10,05;1594,6
10,05;1531,33
10,06;1595,96
10,06;1575,9
10,07;1522,94
10,07;1587,57
10,07;1532,4
10,08;1547,83
10,09;1517,24
10,09;1539,06
10,09;1574,56
10,09;1579,67
10,09;1543,26
10,09;1559,85
10,11;1558,71
10,12;1571,68
10,12;1533,55
10,13;1571,41
10,13;1567,45
10,13;1577,6
10,13;1586,38
10,14;1585,76
10,14;1583,24
10,14;1579,65
10,14;1618,67
10,14;1562,41
10,14;1527,49
10,15;1569,83
10,15;1614,73
10,15;1583,08
10,15;1599,08
10,15;1582,22
10,16;1571,39
10,16;1589,12
10,16;1598,77
10,16;1582,15
10,16;1597,75
10,16;1589,26
10,16;1584,79
10,16;1617,81
10,17;1592,3
10,17;1617,29
10,17;1613,29
10,17;1601,96
10,18;1599,57
10,18;1593,27
10,18;1631,97
10,19;1600,02
10,19;1543,76
10,19;1576,75
10,2;1613,06
10,2;1614,82
10,2;1622,62
10,21;1595,54
10,21;1556,28
10,21;1584,04
10,22;1583,02
10,23;1582,11
10,23;1575,75
10,23;1597,88
10,23;1610,06
10,23;1575,8
10,23;1651,97
10,23;1590,9
10,23;1580,71
10,24;1602,26
10,24;1661,87
10,24;1582,53
10,25;1623,2
10,25;1625,09
10,27;1616,27
10,27;1615,1
10,27;1616,87
10,28;1612,89
10,28;1639,72
10,28;1641,69
10,28;1587,13
10,29;1603,9
10,29;1626,94
10,29;1594,66
10,3;1585,32
10,3;1615,38
10,3;1580,34
10,3;1590,14
10,32;1595,02
10,33;1616,55
10,33;1625,77
10,35;1624,46
10,37;1621,53
10,37;1652,8
10,37;1636,59
10,37;1635,91
10,37;1594,3
10,38;1669,33
10,38;1644,13
10,39;1632,1
10,39;1622,84
10,4;1634,36
10,4;1620,78
10,41;1673,81
10,42;1593,19
10,43;1660,93
10,43;1617,83
10,44;1586,15
10,46;1647,5
10,46;1586,83
10,47;1656,05
10,47;1630,73
10,48;1663,36
10,48;1574,36
10,49;1672,64
10,49;1577,98
10,49;1646,34
10,5;1663,63
10,5;1615,73
10,51;1631,12
10,52;1695
10,52;1629,09
10,52;1685,62
10,52;1622,95
10,53;1645
10,53;1658,99
10,54;1637,14
10,54;1664,76
10,54;1596,49
10,56;1653,76
10,57;1666,85
10,6;1659,31
10,6;1646,86
10,61;1704,65
10,61;1678,22
10,61;1608,68
10,62;1653,7
10,63;1677,76
10,63;1598,12
10,63;1684,4
10,63;1668,92
10,63;1584,58
10,63;1690
10,64;1682,81
10,64;1698,82
10,64;1691,54
10,65;1674,26
10,65;1686,08
10,65;1663,56
10,65;1650,05
10,66;1652,48
10,67;1686,5
10,67;1651,77
10,69;1678,76
10,69;1685,09
10,69;1669,56
10,69;1651,59
10,69;1670,41
10,69;1652
10,7;1656,63
10,71;1682,32
10,71;1651,42
10,72;1681,31
10,73;1714,77
10,73;1619,8
10,73;1655,23
10,74;1690,53
10,74;1664,4
10,75;1694,7
10,75;1697,38
10,76;1677,8
10,76;1659,11
10,76;1700,83
10,77;1697,79
10,77;1696,73
10,77;1688,61
10,78;1682,15
10,78;1654,66
10,79;1695,43
10,79;1661,87
10,79;1675,84
10,8;1696,25
10,8;1666,42
10,8;1703,76
10,8;1679,36
10,82;1686,32
10,83;1710,24
10,83;1696,48
10,84;1633,73
10,84;1677,67
10,86;1672,29
10,86;1702,28
10,87;1664,77
10,87;1713
10,88;1704,18
10,88;1714,85
10,89;1713,51
10,9;1711,72
10,92;1697,33
10,93;1685,6
10,93;1690,97
10,93;1672,53
10,93;1706,45
10,93;1704,78
10,94;1710,41
10,95;1681,62
10,95;1589,73
10,96;1690,41
10,97;1691,15
10,98;1691,37
10,98;1703,56
10,99;1696,96
11,01;1677,47
11,01;1671,3
11,02;1706,32
11,02;1718,09
11,03;1655,84
11,04;1722,67
11,09;1711,31
11,09;1706,49
11,1;1719,66
11,1;1667,14
11,12;1717,9
11,14;1698,65
11,14;1690,83
11,16;1686,97
11,17;1687,63
11,19;1715,57
11,19;1685,31
11,19;1714,44
11,2;1714,4
11,2;1697,74
11,2;1710,45
11,2;1695,94
11,21;1708,2
11,23;1683,22
11,24;1705,64
11,25;1709,3
11,25;1717,89
11,26;1686,72
11,27;1721,61
11,27;1696,91
11,29;1720,49
11,3;1720,44
11,32;1701,56
11,32;1721,87
11,32;1686,18
11,34;1705,81
11,34;1674,53
11,36;1688,17
11,37;1712,65
11,37;1716,46
11,41;1709,26
11,42;1697,17
11,46;1716,2
11,47;1702,75
11,48;1694,29
11,48;1709,87
11,48;1720,89
11,5;1721,23
11,51;1722,67
11,59;1722,43
11,61;1714,74
11,61;1720,48
11,64;1722,2
11,65;1721,32
11,67;1717,37
11,68;1722,85
11,69;1718,87
11,71;1662,16
11,73;1718,53
11,83;1712,96
11,86;1715,88
11,87;1720,88
11,87;1722,75
11,91;1709,6
11,91;1634,84
11,92;1722,87
11,96;1722,43
11,96;1721,94
11,97;1722,88
11,97;1718,7
11,98;1722,84
12,02;1720,92
12,04;1721,98
12,14;1721,5
12,17;1719,84
12,2;1720,05
12,29;1722,87
12,33;1722,62
12,66;1722,33